case_id,split,source_dataset,parent_group_id,input_sha256
wice:dev02986,calibration,WiCE-claim,347728645570fc069a501d2b200a0637650b930a076f469ba54b4fd3c5de3ab5,4ea82e9db2b3f63f1eddd4d2e7da44d4487d2ba7ceb6cf2f1ca868d30cba0217
wice:dev02563,calibration,WiCE-claim,0250e4c54f4822e045f8574a05020e9957f8fd24596542641753f724dc95085f,d4e8cf520d804e5dd0f6315fbc1dc5a32d86154b0e439f32753e24a46321b1a8
wice:dev02276,calibration,WiCE-claim,7b3b78ce5d4e68951461126b3ead2bbc739a388143983004c2c3bac68aa983b9,f060a56544b8017642b8c563faa727b8fb129b10393150bb471f4d58ba628551
wice:dev01892,calibration,WiCE-claim,8626c7524fdff0686e98fb8bca09f8fc06934e3bd7e0ee0e4a44d3243c951f77,148fa6dadf60fd1f6ce82113f9eaf98f89e7d882c951fa347236ba5708af41b0
wice:dev00866,calibration,WiCE-claim,c613517d580f514e8978874e73b6c2ce854f8bffe8d5ace07f6a5d54cc09a34a,9ee03520faabd0950315135105c532b0f415913b6b598b915a9b1899b2fe9486
wice:dev03310,calibration,WiCE-claim,782eb8c4a366992bcbe01b6adab6c0f5f601ab7f92fc1515dcb9aa0eb7aca64b,611c35566655e1bf4e3aa4996468c3ebd00f22c108ee6f7144ee4d80e0eabec4
wice:dev01108,calibration,WiCE-claim,f99226b3f9e2a4151a01624cc310c6591da2dfdc1346c66e05a7b86501fa3406,9d9aa4c2909e718627dea2f7271b56c907ad8073a45fe2159e6b1bdedc009528
wice:dev04471,calibration,WiCE-claim,2898e16d4e4ee2ae2fa8815d719efb385f0b40ca912e06fc2940658547c30237,7e09afb04419a2a5c1c56616aa437df59f6096476544e67b93bcc12f537a5d7e
wice:dev02692,calibration,WiCE-claim,4150177b54900ee886f6f1ce42adeb5c116875e07ec181df3d989e0475f01aee,296c8ff7c0a37f1639f73928fb16c6dc1bd3bbb823ff08621f0afc7c82e1b1fd
wice:dev02830,calibration,WiCE-claim,9170347071bdcdf3cf8841c4b3c35f0550fd01c56731cca2c105c264816c784a,fcf7f4998725b89d41c989e1b8cc46f9fe9756b3c36252686755ed9bf86caf0e
wice:dev01043,calibration,WiCE-claim,de85154ab42211d7f649dd30d49821f12ddaa0721bb98cd19e0029ea354a82e8,5fc7d62b0cf006e7988d8126fbc17ef1ecf80aee73595da6777b8236edc85466
wice:dev02455,calibration,WiCE-claim,4603a30a8f7cb1939715d3e4128dc970de50f52eb37fe4e99d198e04dddb0f19,da7bebd352538bbf016badd5db73eced600d5839dffbe521b3f826e2f69e93fa
wice:dev03245,calibration,WiCE-claim,52a738d78638c449ff90e038de18478a051e13ef55dce734c65df5e2b86e3ce8,a45182a2c40b71839fbee311405bead26245fb2c67cda31eb595aabf363d3c8e
wice:dev03075,calibration,WiCE-claim,eebee7fad5a1f325f05059854cebffdd4743d86095b5e238233847a4dd29c8b3,6d12e2e847c8d4ca16c6d852879bf0dd10e4be6f28bd201c1df0665fdce75298
wice:dev01696,calibration,WiCE-claim,8f5e201618ea93f82ea1bdd09f96a044e32a3025a4dda81441a6db15bc73a1fc,7f133c883d9f1fa77fa70cb8cd2c6e861ff9632018595df254bc3d120158917c
wice:dev03716,calibration,WiCE-claim,953cacd185344b241b172ad49a8977c19e5915cdad8734e836039bdb17ae18ed,6efdcfcacc3ded268eefe99414c4cb0b1ad87240df64095f9fb85c78f77dd8bc
wice:dev03989,calibration,WiCE-claim,5fcbb853122024e77ce932352d0be0431de789ddf7e3d0cdcfab0e9d819b1765,c3a7c4f45ea4e752546f941e2c5fa1bdefbc50dd9a4ec798471812bdf184fbce
wice:dev01451,calibration,WiCE-claim,d387d08a3a3f9453a39fb3f72b3159461d42a7c498cde76e819ebc77d4e07f57,dd13d706958098dc213274f9f3802e8d5d0f5dfcdc56d25c2e052a5e201010c6
wice:dev03621,calibration,WiCE-claim,b8b021dd906cf5f806266fc86a5ca675b4d709bf388fa45d2d4f1de643957714,0dd441b65f90e981e71498bd554aad1fc5e7ef027b73ab51ac3a8f8940f7b426
wice:dev03973,calibration,WiCE-claim,6a88a72b3a6062812a3b7b87c0770255b830a4c00656e3010ad240351836e7cf,5fbf11279497dfdcf2609d7c9abd8e58c24e27c6e075eec5db018ca205a0aac0
wice:dev02968,calibration,WiCE-claim,f482ac6ab99d32733843ba1427af92155564a75ed6454f5aeb980c6fb6691535,ff47bc6b35349faea5068fa5355d770cfc0a040755748abe99629dc603bb78b7
wice:dev00953,calibration,WiCE-claim,21f76a9e009854ddd4a37757d098b7a8031927e36edb30c06ec2d0df089ff20c,937aef9beb0d5f9f27267a6e7424779e4560430bee5b374663212f05af8682a0
wice:dev01524,calibration,WiCE-claim,c9b937b5a51b33a802f2fe97ec9ded4402eb250b3a444a08e213073a0860bc53,e4b7a9a7d8d20d5c49c443ec9a7fdbfdf3a12f98b3246e645211e7a8e49cab82
wice:dev03649,calibration,WiCE-claim,2dbf107e355d860bba116db92732604224edae3fddf20795ff9950162b648500,7514f26fdb73e89b4373be239e4d91f9099bbf4c3c8f9e7b7e645927b7e556ab
wice:dev04062,calibration,WiCE-claim,10debbf49dafd7914aa56504e0889b34faf4b5d4bd9bad8436579ecbc42a9b4e,d90b8a5692080a235b16c528dc55c95cd05a9ac4c662ad7a15243bb8c7be4505
wice:dev00624,calibration,WiCE-claim,1ba600f38b2ce47f3a24938be82f33fc8bcca0626931f2a0df3947729f17a351,5dd96f611255feccd522718c50dda01e6906412611695761498a69f6852788e4
wice:dev00236,calibration,WiCE-claim,e7be557fa17ea7491b7cbfb212b5bb01ee82f2dc9c2801ce5348bffdda85f1e9,14e05494f50b023757b91fdd439882f5d1b766abafcb2ba5fb92fd78d1994545
wice:dev03421,calibration,WiCE-claim,91e316d212df78288f161eff62932c1add0f5e8fed5de80202fe2b0a21f8388f,a9a35ffd537e8b68261ea8b149edb0d34d1f125fc9992edab78b959e79de121b
wice:dev04093,calibration,WiCE-claim,a22bfd4a58a3826f3e84d52018c23aee96cef8840546c15786681b067ebd8b3c,0c527a99c8096b10cec879a840c63a74e98f47b870549ae74c22494ec44ceb15
wice:dev00016,calibration,WiCE-claim,682e0d4a1d2d17fad8032a8874ed3dd9c393818373bedd43a754cdc4387e320f,391c4ff27a60528e6bb78e183016bf57a3d121797e809d30d1c184c094c74a30
wice:dev01673,calibration,WiCE-claim,f7361b47a759afc28d2d82f48094ba1b2289cfb1b579521645199d5cba4b3001,511285d8bde0851c474034014746f7e04709cd94342b998a69c4152da913162b
wice:dev03450,calibration,WiCE-claim,de4eb6326aa8871db9398c2aa5ea519cb200d7387d47dfacdb8004008e234a89,aacf3c59b6e80d048ba21dc5503cf51f63a75e1414ee98a63758467b18721c9a
wice:dev01859,calibration,WiCE-claim,c5abf1e3fa6f8b98e4e88b9fc22340f8684e75e4a1f25437327dad92c092dea1,061f1903f0aad60c1bd1ecd1a03c3719850b74b1c35bcf4351ec33d0269350f5
wice:dev03392,calibration,WiCE-claim,6aa5167cdd09b2b2b102c04e8565313b818f5315f21144f1fae5c358f4333f07,4500e9cf8733cfb32fb62cc01832a9351838b3bb3dd42899b6d33a3c5c61ad56
wice:dev04331,calibration,WiCE-claim,f89128b5e571ae8b29e3f6a63c95b44ee36015b2a0b6785d7e5552322e48d1ee,9139c2315fcb749726cf1bf81a145c71d2ee0d20f28c6e1f609b7a2f9d810d69
wice:dev00315,calibration,WiCE-claim,5a844eeeaa3b1cc5cd3a5d0793b4987edf57adf86348028237402909a4bb7c0d,10953ccea4a162be4331bb817cebb76ac5f3d7e0732534226fccdf3e585b9b5d
wice:dev01967,calibration,WiCE-claim,59f009c1b95e1796d37d0b9d0171006dfc343761a35bf30d7096975c6d4281df,21f55739cf6468cc6ed86940a05048f763b666ec514e989580b872bef61c2a9e
wice:dev01669,calibration,WiCE-claim,72298f3f4d1184757f0a7d0f605d20c3bbc2fa365bb6b6c1d82968b3250911cb,7496fda5752d6a9eb32d72d871734245adfba44b80cf716a9d81f16723f7f36f
wice:dev00971,calibration,WiCE-claim,75d25f9f9489bb1ce9af0fa94dda80613b9384740539baee395996484771040f,c7509b9286d5c5c4b0eff63dba73ad8858505ea5d04c4c143ea856420856a10b
wice:dev03598,calibration,WiCE-claim,5b3f099563eb9cbf97d8f1ccbebdf2430470acc10754a0aacc408244b92c2552,e2ae7e37764af0935486388d725ea2bd4dacccca53ea56a635e5af0247b2a657
wice:dev00825,calibration,WiCE-claim,91e316d212df78288f161eff62932c1add0f5e8fed5de80202fe2b0a21f8388f,7db2b573232066a5a47bc29c82be85e9e48dc51abf597d3a5ec8c0f120589558
wice:dev02304,calibration,WiCE-claim,6eb09fbedec5d4cb77a74e6c6cfac9fa470a00d998ae486fa8cce256841f7936,925d08f0a9bebdf12ced4db840a04bbdeda2a36ba8da2531374f0f61e13498f4
wice:dev01190,calibration,WiCE-claim,e3d3984207cddc4dffd808555b68900bd9505f22eb91ee60e9343454e216c0cc,3dd47ab388017b48b0ee3e7808e35d011d1bdb0b5a8df21226b149e2ebf06cae
wice:dev04425,calibration,WiCE-claim,9314284cf1c95f4e742dde1d153d287cf43deb08a27f328babfcfb8217bcb556,ba2ad9e683c81590249e5c1bf80d6a8bfec5ddce171dff07b07285ed840ba07d
wice:dev03810,calibration,WiCE-claim,c30d322627e393ac7c34bdf722e04971a3286c3e3b632e35056d1f8e395d37f4,03643550d828d386e8695e7440c4741603c56105f26231fdd31418de5286b582
wice:dev02670,calibration,WiCE-claim,ad35fb90f6758603a4acd67db4ce5621324d8ca294e4c52cf9d4654a5bf3a6ac,3fdc03b5be9e5b9b24bc99bce8bb462c6d9d89582340fcbea126cf083965affb
wice:dev03498,calibration,WiCE-claim,e07ea29868c463ab85e8e917c541a514ae00f7fc49127cdbf3c8db32c7342a37,6649434722fdfcd0db8ecca830e27dd38fadcc8729c29d8b9e19e4e98479a86a
wice:dev00732,calibration,WiCE-claim,79353365f65c20c481ea0a412b921eef3ab884789106568404fbf7b2b91f2516,355931e03c3f791699e24b25de34af666d72da361dc3effa32f427e24e79a0e4
wice:dev04273,calibration,WiCE-claim,e52dfeeb9aa658e194a29c2df409851be2413cebdb33ed0a97bb02e88f30fba9,64b8008bf1587bd38fe71f5c9b1c104565a82cc3a73b6aa39138b6795111729c
wice:dev03792,calibration,WiCE-claim,f48a832615c635fd5cf0afad4153d69d8798701173eca9a68a051e27a6771991,f75160e3130210edb60ae0d06c1b274bc4f4b879062b66316dedcfef8a6b1f14
wice:dev01904,calibration,WiCE-claim,bb817adbaa58a52f432e25ba34220a0ef61e6a9ed63c9b17c6d782052f3eb29f,9ae24199095d06812dada7b3156da3ee436e0d894b234b89c2fb95e13a808801
wice:dev03329,calibration,WiCE-claim,72945ec1f081e52a4556a267fe0ac01dd288ea9e163c6368108657470892f16e,b23de65e543ce9e461bb64ac8e5a469190465e9884e9632cc6983f6140b2931b
wice:dev02013,calibration,WiCE-claim,1f49caf9b0a123ec39fed3d8b18bb59b73cf4fa1907563aaef4ac3ea51eeeb6d,f41bd9244ba94fb6405225b0b3ef3626e11e16cf1c4c3656781048c4758b7d19
wice:dev01627,calibration,WiCE-claim,acb1852cfc07559dfbd4e9fa5ade4bcb31bf23f46bb11d8ccbc81c430a5a0a4f,94b063180fb957ed7b77e66cb1768ae2e7f6d76bbf27c6d314b6f7440b5213ae
wice:dev02780,calibration,WiCE-claim,e07b37778a2ae808f0a052a1f288236f6a3d71f48100d93d2c8a3ecb33f9c77a,d67dc3ad7c1079414ef3502d202681889456c8f8fd882db3e2bd46eec9faab8e
wice:dev00989,calibration,WiCE-claim,4150177b54900ee886f6f1ce42adeb5c116875e07ec181df3d989e0475f01aee,6240e949c8fbac41ba63bd8fbf5adc7f1391ca054ee44d0e329b6ab5a83e4457
wice:dev03604,calibration,WiCE-claim,c008f592e0286d33e9ca3a98cd1659cc1623cd6f8b0945d1e8d07c7b940e87b5,6c359d87fb939e7d059b886d082e0430216d7239510b83f72233dc671bd90621
wice:dev03207,calibration,WiCE-claim,5d960509d191ce0b68a5efec0bc1f1e6f8d66f340949e157c78a296d2d99aee1,ac1a8c5edbeb121b1a6fae259014aaeb4579e6bd7b29d17f3176547413ad3390
wice:dev01563,calibration,WiCE-claim,447f7573dd35c52bdf676591aba0b546701ee284db1a07b14da65a36995d8242,64f575935c7cbeaba033ca2dff4d67f4844a0376826c11a95cb961834022507c
wice:dev04077,calibration,WiCE-claim,ff2f8f85a4f7f5ea48b622440b3beb4c99df9a9b4e3bd21383a64a67068b6ed8,0ffae9ff8550092ea273bce3bec5e104a9ca2d349adb19a196c504995e83d0a0
wice:dev04519,calibration,WiCE-claim,03c2937c4983d377f822229750557694cc232b630b35c7d77db9decb4788d018,44a1354bd557a9780033b837504c936155fa83a104e7e1f6bb4ff7dcc556fe87
wice:dev00224,calibration,WiCE-claim,faa8f76389420734eb1f048087335dc870e80c13d5a2782da76aefe1ee0b8176,16236f931296a410fdc5f981621c60e8b8ad6d64492fff87ef5707bd1e703b06
wice:dev04169,calibration,WiCE-claim,1197cb5731df9e904b633f71ee5888ec443437cc5cf32e5322b14956b99c5c71,57dd4c43e8df058f65be1231ae1a432bba61cc1beadc9920d2d5f0a7e500c52e
wice:dev02112,calibration,WiCE-claim,7e0c135ea23958f872ea2321a635b54ad471a377c83488d603d9cfbc3ef69388,ad24aed7a4866423d55dcaf6877eec6dc3169250fb02d1f5fedaf8cc93d02345
wice:dev03784,calibration,WiCE-claim,a29d567ff3713689369165a8d76bf04800504508157866ace6ddd0d4ee1aa4d9,0b09e6aba18cc0fd381d57b975e5bda25cfbd902d6834f510128254f7384a434
wice:dev02858,calibration,WiCE-claim,9808812fa17d8fedd7c76e97065b75ab274b9a640093ac11d22fa25bf3201780,6a1d4d71b8f4b3d4af41d288fff8fccd49d8d41b6c5a86571e9cdad16e7457a2
wice:dev02502,calibration,WiCE-claim,0741f5371712731829595e3fafe51f59ebf066dd532286756e7cf1a58ea146c1,be210e93713667292b076f44ffd55e0d51d941ef473b8c27726fff07138876a9
wice:dev00287,calibration,WiCE-claim,05526deabb0c26675924a6fe8420de99e5dd3c9cc69d9616fb5999e210c82389,e802151684a451940c34a4074dbde55455de2771b6c4452b85b38bb3c3b033f1
wice:dev03646,calibration,WiCE-claim,5d6a3e35b26e20c24be7fa405204e470557de129ebd4976ed4ceae4796a51cc4,90d6bcf32c4bece57878685b660acec461326927dfa087413ba16e338892b871
wice:dev00068,calibration,WiCE-claim,8a2f6bc3951ea34e3ffad401e5e3797a67e28f3287357188e8a8eb3db8b05962,d34c9fc30e1bbdc6044fdf0af53c1bcdf2fe77cef66c5d38a182c534af6ce45d
wice:dev01935,calibration,WiCE-claim,5621970991fb25301c77f23b2b964153250e953bf9776ccd88d66ea73aebd43e,826eef50f87641e1162d2c9c00dac54da3c877e39cdbc2237f16837d90165e80
wice:dev01665,calibration,WiCE-claim,0bab350143a0b3ff0cec4b5c2c7ec3c9a666086736b536d68c8d6517aa4474a7,d87224f56b2512be6da4ef2ae74412c0f794466372c7810e8c12742c48a1e132
wice:dev03078,calibration,WiCE-claim,f32b8b4d38c655af37f472dfd4ae7c362e76c24a7d26fff0ef4025dd1546537b,8e6d4427e025636d1ad60b011f61fc73b3eb5e94683ba217f5260371ef6a7d5d
wice:dev03765,calibration,WiCE-claim,1be4a35b1609b3802f78ec38bfcd803e2bb12eaecdabcd8be205053ba2f59d94,674a8ca17fccf3fd572d5aeee3cf75c983a7fba53dda155ab873b373a18b190c
wice:dev04456,calibration,WiCE-claim,99a7386cd1c3eb34f608a2574dbec3d59dbeaf4b9aa7be50073ae26588191375,7dc6ee415aa784b737d2e9bfbfaa555eab09c2b6960b90326d07f71cee04112e
wice:dev03910,calibration,WiCE-claim,e5e14f5140a853fc8689fc1166bc47dd4784901119118cbfdb8b3b6006efd977,e72b01c4acb0ec9b1843c29f2361cfb64370e89ac81ea081bc769bd544679838
wice:dev02260,calibration,WiCE-claim,753d07b1fc7977183cd4e34a262df069faba3f17653411914da26f007922ee86,b8a2c696c3b2a130b72a98e1ff89adb22316648d43172a7a9a4242874e848d25
wice:dev01543,calibration,WiCE-claim,de4eb6326aa8871db9398c2aa5ea519cb200d7387d47dfacdb8004008e234a89,89f33bb6be60f9e835ed0881bdf8f2ebd43ef3910cefb66c343b97addc728b52
wice:dev04117,calibration,WiCE-claim,c5fb63c487c14b08edefd8f91532629d60e82b2c44f06a7b544391914649bab0,097cb01799bb1d997a2cdaed8ca067bd4df0b30b9b829d50bae9e1ccc22c8795
wice:dev01523,calibration,WiCE-claim,2ce008a32a9b88887701b1afa759973c8512aa9702794fe1bea9aa74c5e2f378,68bd94c68bbd254ab2f36c1879014afedc975f8f9cc65d74e90671ccfe741fb0
wice:dev04052,calibration,WiCE-claim,a86b7b726c3f9e50f5439c7b5d85d69c7c1ce8606b3fd140d3c2bf4535ceb642,4d332f01e2e04996ea5f65680d0fe94b425cf97c22920191c8112713f5b9edef
wice:dev03919,calibration,WiCE-claim,5a1d58d5cd48d2529646fde621019225b4dde77f1e747e57b519fad2d06752b1,2ae1a278f91ca619e3fa1022b7111064ae86647d43502f59933e8ec9fcb9e358
wice:dev01662,calibration,WiCE-claim,6e70fa7fcaca0839f79b7a2ce4c6cefcbf1a2493b882bab44ca94ec64505ad48,cba6838bb209a596b62117c154a577b030416d7d307259a6245dc589ae995c9c
wice:dev02195,calibration,WiCE-claim,13ddf3c2e04c93d56024dfbf55dfbf2f04c8317985b265c21992b79d0410b03f,d50b3a1170ceb564687188b92657a96590766005b12871cce539ea7f5f752900
wice:dev01864,calibration,WiCE-claim,c30d322627e393ac7c34bdf722e04971a3286c3e3b632e35056d1f8e395d37f4,cede65e6d6231374b3a826878f59a63909534987caf2a21f540aea8e7537ac7f
wice:dev01153,calibration,WiCE-claim,b4a49ea3d11a98e0d1661e74a52ea23f016244f74f26eda370717556d14b2d3a,a041ed7094733459dd9280659b0e968499bd2e77e445541b13cd33145f51c5a6
wice:dev04159,calibration,WiCE-claim,81a720149a264d2b972f49da202158f282fe2d59431880061f6c09cbd8b456c6,5122e40bdadaddbbb5da499a360e835e527a374b99dbc099e71e097aac26a47b
wice:dev02064,calibration,WiCE-claim,7d35ba4f309761ae4b87373be3f7a611985c0a8301b130cb14f9ab41f187bd94,66766dc88309f1f2e6a9939ebe6df277cf94af1de0681d57ff5452444aa3704a
wice:dev01908,calibration,WiCE-claim,58d3f18e9b56966b19f1c30f51907e6dd460bc570efc623fc47c8f6ae88bb81e,da0d99f8ecf74efb1b8c141a44968eb529ad5daa6dcd6b6fdc77a959a890eb41
wice:dev00004,calibration,WiCE-claim,0f5d983d203189bbffc5f686d01f6680bc6a83718a515fe42639347efc92478e,34c8084c70583c4414ed947d9f34a7f846ae4fb7b204b5e1466aca67139e4bc6
wice:dev02905,calibration,WiCE-claim,a4e62d1e68b49033c8712490d963535ce35ecfb67fe17e698f20c1806f5de1bd,dd42ccb451fbbdcdc261ae65d0c47155b899c6ab19b0c8410a130e578ea920ba
wice:dev03672,calibration,WiCE-claim,5cfabb93e0c851b6b13cf2131de4fcf95bfdced4b69ab0c10fe2be3ad54a6d30,58ac358a243da00c31d8b24b91a0d078c2be516d8561f94c2dfc9210b4c5903c
wice:dev02879,calibration,WiCE-claim,77e06f9bd147de54ce888852e0bc7c5ae6cade84b97a8ac3c719d768aea006f4,567f5d2bc7b655190371dc8d9cc2f2d101f13144968e509a002d2286b4819f50
wice:dev03990,calibration,WiCE-claim,ca0effc3e02a1bcc2d1d9a1bca6cd891d29598866a58d9ed878efda910459ab9,ba5c477a6a48ce7cdf23bf212244142b8abf5809f6e25a53e085993c76a6e36a
wice:dev03051,calibration,WiCE-claim,584487f2ff90405e409d3764b979e02eff5c4aeaf691636650a788c62668ad5c,531164a666807d3a0e620d9e76a92e07b6c09cfcc9fcc02fe584bf3ceffd3d40
wice:dev03925,calibration,WiCE-claim,8f738863bdf76b8bde0d0322adc1d89ce371023aaa050e83bd5ebe84a014c6d7,93b88e5aeb8bb83cbd493652f8612b90d4af4417622366c792e5e59475744658
wice:dev00316,calibration,WiCE-claim,e5fb1c9cc1730b0399e158e48abbb67f7ca466daed9ea104add7cb308a4ee85e,17183af9127a4edfc1a9537a54fd44e48832ec1e2cb94f2f47180eff5ff7f0eb
wice:dev03013,calibration,WiCE-claim,1561048ae69fc23e61a0485daf1d5eed1e4a22c20b7493f96aff8d3f62345419,c2bca76a72b88bee9f7adb963f706fe4fc13206915d26c79ad9d8111a0b18881
wice:dev03713,calibration,WiCE-claim,32cc3c7b7ca92e1c919ee090e2110f6e50e6592fb23d691ffe03e5e88a2ed54a,55e42fa37b52d0736ab085bcbc095299b57f2de4f232507764237a4b06802ea6
wice:dev04133,calibration,WiCE-claim,c834090be719006ad8a385c9ecadfc45ec98037a9450f9e71326fd3f20dc5803,9f2766e02e01c79ae5f023c7fe28b916ca578345f55208fef83a4d365144868c
wice:dev01275,calibration,WiCE-claim,76b03f99958b5d72017d18092e4cb06c29031e6a9a196bcd34d6c11fc8d7c765,5f1eeb1996bf39d845dfea46aeb1262f2c8ef725dfab8e78d7fc81514480cb0c
wice:dev02866,calibration,WiCE-claim,3688b457c9b6f2278d1af47f9268aea0438b0db264f23047372e451303500268,58f92b27cdceb3d2141bdd7a8d0dd222a137df1199dc54fced375de492432368
wice:dev01120,calibration,WiCE-claim,b92ab13f1d3b0a740534a517f513dbe4c6a258811021fbd9cdeeaf50e623c4a2,33c4fe5eb27c96feeb08f2b87a0c54f33dad9a59d244695f936542326388ad82
wice:dev02638,calibration,WiCE-claim,c9b937b5a51b33a802f2fe97ec9ded4402eb250b3a444a08e213073a0860bc53,b51558f2a9af795699de21c839930ed3cd64fb6fc493cd88c5e6e512d6b053b3
wice:dev03568,calibration,WiCE-claim,2c7ecd41207231f7c3987ae46ed731f9f3488ad49fde4a81756f8974f25f2ab2,2bf7f63a9deba43647593769e42c97d7eaf92597043722b857d77f0729356976
wice:dev02628,calibration,WiCE-claim,7ff2ee00f98ff9a65857e361455fb12fda70e3f8244792c347f587a048b3803c,490b6fd63afaf9896684ad8add1e0dc2ccc728ca3688f7d08440c20378ced5da
wice:dev02115,calibration,WiCE-claim,7893abdc626ddf82ba99c07c3a1d564351ff9fde28005bb1ef8ed37dd1a919a0,120a2b8e88072b1b3ab06538c49b38604aa85e546fd70f92d75c769067cc9939
wice:dev01695,calibration,WiCE-claim,5d43fbbb80e791143ae976bdfbf1c76a46658842f40c54f2adc99a9c7c574c90,5dcfc489d300e6c551f7557bcb1eaa45493989d9445a8f10d1d97f070a340283
wice:dev02641,calibration,WiCE-claim,c2ce09cb217d8d65cc7085546021ff3468401b68b634e963323f2bdfe030bc8e,5c0febe2e9c5ad217393d423ebc2901611c743d5efb1162756e82be289d2f5a6
wice:dev00398,calibration,WiCE-claim,77f9de06caa9d8f09112a3c8f97746ade89be1400c30d633fad50395e58efb3f,1c03d3d277bd1087f219ebace4e0dbd082b65b6fd532c3d0189aa17c3a680051
wice:dev03529,calibration,WiCE-claim,5113d135c37e08909354c7fe892ac13e0cd8889319c7a8e2d72051f22a106f5a,edcb1afd556d7fc6093781a13e9549709ac01e513c60808ab3644a34451addc2
wice:dev01611,calibration,WiCE-claim,0c368c4a90ccddf0ff532fe66eb2a5046f4d845379272eb284908c190bb45951,2f96ac817ca086fb2c5c83fd0d4ac6bac742f477ac9a33baa778aa8b90298232
wice:dev00164,calibration,WiCE-claim,6572e09047b52b3270a828c4dd3dd4e3210ffb48846a46be29ce232e51856584,be67ccb474a316bc56a59e047e56aafbacad78615d21cbdc5035915a94aaf3bf
wice:dev00418,calibration,WiCE-claim,72ecdaa1e0b58b812b7b5cec8d3ab7010a04e01a0385e74cef5bb43aa38299d3,d0631dc14a1534a58154ef33e8cc6485d7553aa847e7913d822e2832940e7c90
wice:dev01654,calibration,WiCE-claim,ca5ee8a95ccb9ba933d9f499be697752220e1b918bd14302a4cdfb99745e3fc7,d725420b94f190496020d57492b07fb50e84ed15d157a12a850c09a45faf52ce
wice:dev02254,calibration,WiCE-claim,fee6de3ed68165b07714ce9ed0ecb05b1cb9c575f004863b69e669addb2c3b92,d3c87c5038da1898441499028ec3513e7e0d40eeb99519324f7af177df52aaf2
wice:dev03856,calibration,WiCE-claim,20108384e977f41bdd7cb47599ba5c15ac19ddb2ba94957f25f8577270ae1287,fe00733f4946393af7657302168962ff91ca201faeeb02c1922f65b4f6ca63b9
wice:dev01445,calibration,WiCE-claim,52ae5e444b4078f5d4cc73e00f07c0ee158eb47167053873636f42da91f139f5,68491bbf7933a7c8854e759f614393666cec03d0de413f3becfb68a607d146ce
wice:dev01753,calibration,WiCE-claim,f7dfcc01032b8999103f12cf39723126f4dfbb9dfba4b84652c6d6cb3e11a37c,9491f8e01a92510e70cfbc42fee5d331e4cdf962b9a47aa1d92d01b07afe76fa
wice:dev02854,calibration,WiCE-claim,1040f45e35b5a6b221ec36a21999ff42ce8772ad7515bb3f91a7acbb3f7dca1b,3ed27a28e79f0ed876a753f374085be90cebe2e8a5f565a86632471b8133bad2
wice:dev03717,calibration,WiCE-claim,2ebc0186cf5ee763debf81cabbc4e4b10475c7f9a2856c41cacce26a5bb35071,65116cb3e77f9f4248973b82fe619a0a4106abb03f3e4cfc2af906b444a92984
wice:dev03055,calibration,WiCE-claim,b9c707272f67eed3588b7d771dc5f63462843602505ebe4a35be61bac8b7ec17,adee6cf13755eda89cde82e1c64217ba15ec9aab77afd6d275a801acdbb62bcd
wice:dev02851,calibration,WiCE-claim,1cdbbd904d8076bbf861cb415e399d61629bcce911bea1d41a1fab28f26f87e9,fb1b73b08157a568a8616d37e98a661e7375d0ebc8b0367bd94e3d83ce4f47a6
wice:dev02187,calibration,WiCE-claim,bdcdf0745cc4edd1b8f7d4ca151e80930c4205150449ba7a77cb3fc7c5c466e9,74e683c4906cfbf7f4a8b3e101487f04ffac6ffd73789abd43ac281074c920b7
wice:dev02529,calibration,WiCE-claim,0f8b57bd945261104507b63ae400c7bec7077fa8f675f059d5b2e661e6875b8d,0b881d2af0979457abe0f945ea6047615520587cad48c412453ca68ae03fbaec
wice:dev00429,calibration,WiCE-claim,2a44219c8805f560793497ff7ebd4824e4fdbe103184315781c1f2449fc1bc67,1fd92c588879660a9192f0104332516d1a30f2967b0f4e4e1cd7f53812c19e0f
wice:dev04085,calibration,WiCE-claim,5b784ae435463443dc372fba6d75c2d2bb99cac78f2013db65d0a02c5c5ef59e,d86c938a8cb5dbbd0fe80025f821ca3e821033b6ce901541130f0204a52be8f5
wice:dev03756,calibration,WiCE-claim,b9d17357f53a582b358de168dee36a418a6729ceb8aa88c748ba0904e9b1b0ed,d6023822e6fe59db3891366fe8eeedf79b368edd2f09880b4ea321c8d8036941
wice:dev04343,calibration,WiCE-claim,c30d322627e393ac7c34bdf722e04971a3286c3e3b632e35056d1f8e395d37f4,bd28141184f93ba7a712823e4f1707022bd3272fdc6255c8f281b0e43e4907d0
wice:dev02827,calibration,WiCE-claim,e738aff476e5cdc0a59d98f00d65ec87bc50f4ad35773d212bd85094d7724867,6c8314914b9575d1bdad2f7684e66c7a984a67fc2c3587cd59a9a1fca7a48286
wice:dev04091,calibration,WiCE-claim,3c989a64da0ea5f15e248348c9749187e73984e33ebf8eb463721b393595112f,48716cb3c191f1da250783c7a72a9579a33fff79b70beb5cabf2607b053035df
wice:dev02178,calibration,WiCE-claim,778be64e9d0db512de6fb6153029318a4415f8e2bab3f34e5a7a0740e7bb091a,0a6993037521f9f767ec5740fb4729244e7d87ff0376f890c313aabc39055ee5
wice:dev02597,calibration,WiCE-claim,0dade8065c60b1bba7018492062e90aa8eaa79d66fc23d29a643267f874fecd3,7b8ea0806f512f6a57f27c07c3bc0f91d04c0865b166a85c923d053b0a7da6a3
wice:dev01863,calibration,WiCE-claim,b2638d74e82f2bf35d436eae3df0c6223f4639f2cf3f80fda2380d5aba7f4302,6ddd28ad656209bfe5b4ea01c808155cb769f801378a9aad9ab1df9f4e57316b
wice:dev00877,calibration,WiCE-claim,734d29d5ee439eb01a57a5359a2812e0fac8a8fba313df890ca9114fa682d6a7,6e20970d4905fdfd2dbf03a34f3c4ad6325489c499cb80c928fc7e2067d5ac7a
wice:dev01098,calibration,WiCE-claim,3ad0797731c28f02a515c6766d72e20eb9a86e23c6194e9c6b0beaa8b6c631d4,ec09bb2f4fca596468e322aa3eb8e4bf8bf979bb6246ffe13fbf82a1b9e06b30
wice:dev02629,calibration,WiCE-claim,93c76aa1d694d806d908368b1080be3d3fe6efde18c690204bd53f3a2bc635c9,c5f1a10385dedba78cde97f0f6fc4fcc8d918024e0500370e1d65b3842cb97ee
wice:dev00590,calibration,WiCE-claim,61e27283b43f2e2b72120978489ddf5c3a7accc3e0c28577b2241ae035944983,c106f278e3c9df0eadab0f4827432876731f5410fbfaf0c560036328806a362d
wice:dev03549,calibration,WiCE-claim,4af2a20664fe671999fbdf3de932989f9c795fad4d11551a777a3f36ccd7e0da,7807de56096e7daefce067d7fdc4d84bf2871d85542da1260610fc08a2fcdd2a
wice:dev00003,calibration,WiCE-claim,b10c047e82685da2e40d5ece023db0b1d8ead5bc46c09e7ac662f2d453ec8414,1a9d601da0163906e31697b6a808952b36cd4c7dc08d03ea065e997175528da2
wice:dev01997,calibration,WiCE-claim,1040f45e35b5a6b221ec36a21999ff42ce8772ad7515bb3f91a7acbb3f7dca1b,8b05eeae66ace3b0c8f0bf87b1db622fad432e4ab93813dfa749ab34e42045a0
wice:dev04121,calibration,WiCE-claim,be55ef3f4c4e6c2d9c2afe2a33ac90ad0f50d4de7f9163999877e2a9ca5a54f8,4e10950b17a191a46c08aed440ebb218f1791aefa37e6a4791ffadbf419f4296
wice:dev00018,calibration,WiCE-claim,f70be33690389eb585778c0d572b045f7c081589316f5494a43a58d2be27c48a,f550022e368789b4b5089bb67fff068ca5c7e84c43dbff4f8ad251959dba3526
wice:dev02358,calibration,WiCE-claim,a4ac3bcd2c158e3ff15545e2971f0d90e610171b4147403e4f80f502e11aedd8,55b20f29d31df348773f76ddce066f790ab6236b459af68963e82a9c8d8a00df
wice:dev03481,calibration,WiCE-claim,7bdd17b6f7308264174ecd6ed91b367d24f98ce84875ad86aaf65c68f4f47830,4bad90f197f92477e840a8e42f70906c1c288df0ffd6920cddf0cba15f236ae2
wice:dev03969,calibration,WiCE-claim,0fdb9f2d19a723f6aa16e23cf9b35230feb8f3c5f671af85fa7e05bd67f81176,544016ca73764f4143ae74f747a4a78e800763e6d01e4521135e9eb3ad85eee3
wice:dev03851,calibration,WiCE-claim,ff4664a8015ea6a2c09379eaf0f04b9aa86d8dce82cb5a79388d4a5ee21170a3,853e19eba723e163e4d0d03aabe04be74066e8b5c575c3a1efd99e2b20a76b34
wice:dev02657,calibration,WiCE-claim,a5e0e630340dba40ba504fb1d0c47937a82825115efe499027132cb708f61927,68177eaba5acb6f299e7b0e09533f6e85947954464b8b0b2874a1a076071e48a
wice:dev03225,calibration,WiCE-claim,eb0fbb5187f7c9bc1f187db7f43fff3a638625052d9976ace2952c3723db88e9,eb2cac50f15aa7e575e75898e61926c1cd8ace46a5cde757a9f6b0fc4ae6ec75
wice:dev02198,calibration,WiCE-claim,992310d4ea64a1c9857bd2f2d3fcb1cf3ce9dcfd17273e6ea2d1b1c33ef89fc1,c152bcc006394a7e9d2a887332ed3e83470565c1ea8b1af76de48aa76579eb63
wice:dev02825,calibration,WiCE-claim,bda5b2e7fa75868d8028f16dcd45cb02fd0e7cab48e268d2527718d9f76b7168,fe229a274262de5bf7b27b997982b4c762f267df3d9361dfcce04f5534fe9673
wice:dev00520,calibration,WiCE-claim,1df8ebbcedab1d98ee3cd28695072e5f3b9ec2ebb6c336c180de713e367f6d7e,27bd315a882265f9da485ee632b3adeb3f6901f65a69e44ce244ade20af0c29e
wice:dev04156,calibration,WiCE-claim,d3bf09df87e34c4b060fd0a0dbdb9360f9518c2b9460bae5e2a649d0768d7ab9,66e328a924144d7be08fc4862972354dc0b72e12d85aa06a57b57020585646d5
wice:dev04220,calibration,WiCE-claim,7146cd5d7f3b71b89e3991d2c40f34103dc650f97c4daf6cf533a617935b4b99,f4094b7018cca0a9fd022743eb1bbb8518adb5e7abda20b20ef87fb50633a6f7
wice:dev02203,calibration,WiCE-claim,a8e4b3598329e36f9ef7834bb81cc6da0510de34bc549a9a4b3e9c2c88010645,200e57982bec61712c555884ce8bbf4a60b9abf5775900c4b81374ae87a87448
wice:dev04007,calibration,WiCE-claim,5d26011de86f2f9dc6dd4fc298961a75553ba80caa865cbd1df5cdb9c652fb9f,12e882e8d6bf6ec52ac23e539043bf35f55cd9cc72ff659708a88518cc463096
wice:dev03282,calibration,WiCE-claim,cc3f3dd7636546f67411a08e08782cfea0795056e384cc087f6a20c6654cd08c,ddc1348515612d7c2389b89810257429cad2d8c25e951188435462e37dc4e379
wice:dev01021,calibration,WiCE-claim,4207d21f233aabbe4a6a83108c8594047ce22cb6082905914145bf8afbb5ecbc,35e85890d93ce0a2975071a82c812af2bd36e44e8ea8d70fda6d0a7c4064fd31
wice:dev03033,calibration,WiCE-claim,4df35ef108666c3e340663893fe5f7a55df6dbd4f2f3462fa99cd82180c72b45,12db7fdb780da6168dce67339465dd41de3a82021344691714b41458c81ab3c3
wice:dev04478,calibration,WiCE-claim,2c028714b694a9b35065fcbad27579df3cc3d9084e25412ca175f9ff8c73cf3a,53ee6b514fa7f1b281d613515c524d110de93462731a2e78a4538f1a1e408cd7
wice:dev00572,calibration,WiCE-claim,e42ca04954ff255de60ec5be91856a3699287aaf0e2c045373d8302332551478,52547d4a3665892a579f85efc284553ea3b4465fb218f57740191f4658afb533
wice:dev04376,calibration,WiCE-claim,80db4ccdca106d37b920206331fcfe3e9e50a9e763d89b54ce3ad5ac8cf30f03,c2e63241cdcf366c8a43a2e142f6157b5354021d8867e38571b974f3f4105c92
wice:dev00888,calibration,WiCE-claim,3ca44a73a406d7c7f7666d1186da4348a7aaba5c0a022efd072df43f091c4e8e,b3e05383a34970deac41ccd6ddc0121cf05027f61161b8b8111a1d97606b275a
wice:dev02039,calibration,WiCE-claim,6a4d4ee0315b7c39b31d05319c3c6c037d266cb319d2b9e723810956c806471d,c0a548f2182ffd87802d18794c4ed6198ca0159a1f7b1719506c1ec455b6df84
wice:dev03634,calibration,WiCE-claim,52464c96c9d7a7295511a4e4e91e2e7ac8affb457f62013d3baffcc4571575af,11ae27297c726c78ecad192421d5e1a15ef572a4ef9c362ae1473e4e30c2755d
wice:dev03176,calibration,WiCE-claim,977d57c5641471a0bdeddac46e6cc5fdbba5ad00c3ffb6afc53fa234ee214805,3b214957790a28bd9d186c1344d3175b75ba57b159ecb68cacd315b7f35ebedb
wice:dev02595,calibration,WiCE-claim,6b5e4625385ba4919c6332433a6896d50e27e89b97f603886dc6d5747c55690a,75d6366c15babb2578baf6ac53927bbcbc704e30df806f5fb6e3d8508fd0b8a2
wice:dev03008,calibration,WiCE-claim,383f32f73440ab799360e4697163877694ddbb4cb283d58339c15285d1f4448f,7ce8493f8a05df0b1106862731ec39886aea3a6f2a343b439e1832f81e676718
wice:dev00764,calibration,WiCE-claim,0f25bb1120fce183f527eef994f5297e3de5e5667e53eb8ea09da04865a35c94,a9b8399219daa8506853e031bcaedaa99f1a23c21996a1a4443f25f462a075c3
wice:dev01660,calibration,WiCE-claim,7c776e07cce87fc511339561bf327b44e9475edeab6255e4b4b8fe36f8ad2843,e2edde3f518e04ce90e7019699a2f4e03036c5bfdf788bfc9a5811e2e1d2c53d
wice:dev00028,calibration,WiCE-claim,672df6f0928851e314e2376cd84ce82552f65935083c35e85c8a87d52e630a8a,608c3395ab9e031a877c2460d6ce35bd73a3bd96a2cda24e548243805e60e034
wice:dev03994,calibration,WiCE-claim,a39454d2cb11a7f3d5601de1fa17217cdd6861a2e60509c91e7879094cc97c78,9b8282cf0e1767c7e859cd78752286a38e1cf403ac8566aa24b7b31bba61657d
wice:dev00932,calibration,WiCE-claim,71289961c89b7215d6283181125c67a12d631cb5814edeb1945b5f99bfc57000,3e4905e6bbe4291fcd7ce1614cf45a63343658b5457b366c4d35d6862fc3a02b
wice:dev03864,calibration,WiCE-claim,d8a1146894112d1af29f962822d547a3072c79fa1588536624cd07a9e3540201,57e37d4c947670745cf651c0596622604e2fa1147979402781aa1e6b34440729
wice:dev00588,calibration,WiCE-claim,d98d070c3968a75ea9ebac18b085885b9763546401e6438d8e6d69267ec7a852,f64e2cd313a29f7eb8f731bbc0db3001f9d41e23734cdbe110e4a0c3cab576a9
wice:dev02300,calibration,WiCE-claim,4a8dca9cfbd989e0d1baab907763a596a97150ece6df0d7304826ae0680aac62,a111936852e88f2c7215b940acf54929436e5f608040ba9a1888f8240449b643
wice:dev01340,calibration,WiCE-claim,8dc0540dd5387699d686467894f27dae034f04990a53168502cf91bc1a3dd352,d312a64712903177f9a6e6bf4a491036d63bea69fa7341bbbbbb6118bb352cad
wice:dev04446,calibration,WiCE-claim,995c578b966c1c5c14a387a56b12fba06e6ed01daf28fce7e235311221e362cb,6d8f1102b8d861f43b5bd953d748e197c68e0ed6fedb01fdd49d99aa7319c896
wice:dev03983,calibration,WiCE-claim,100414b7d2200adf5f5a66770b82ae2bd5c7bdbc8c6f86dfffe60d54e36f1ca8,2aaa6fa1250ed7f714d1d0210552e79b5f7cc05231246cd07c1b4f14a17afb07
wice:dev01971,calibration,WiCE-claim,0bab350143a0b3ff0cec4b5c2c7ec3c9a666086736b536d68c8d6517aa4474a7,9c9347f54a90fd35cb7ba42d5fe4e45719cfa80a0448aec2a51c8309535458db
wice:dev01222,calibration,WiCE-claim,ec6890c415795af0815fdc40d14ea53fc7da1d1b2906e214ac68e97f8185e4a5,dda7d13e1bf77e55e5a54c49a8365326be0f5ae7cc05b0e250d1254942e18e1d
wice:dev00704,calibration,WiCE-claim,729566380652d9be5c3cccc8c19cfca191d57f5cce5ccb09332d3c8982976f2e,d001b9bd8b169088aa52b298aaad5c376acb17a03a75fdf492286f80fcb7e6e2
wice:dev00288,calibration,WiCE-claim,eba6a33f3c8f065fdc9c37550754c8c92f252cb4f799e15376643b68814cda94,6c1d7a8fc959b7c0d12842575dec7a835367bd0d44d86879b3615dbccdd05aa1
wice:dev01929,calibration,WiCE-claim,97607f74eb4d1f7a250fff80f5c054b8d4a038230d2dc910b95d3fd8144445a2,1b3cdd55926da4e6d7c92d1f4719e458e267d36e0bc9a7af4ed37d2621e10775
wice:dev03748,calibration,WiCE-claim,1a656b5f2b9979accd38f60ef2fb741bb30a5f9950b180f79e572130c0301db9,e004642bcdc801516ee6e4ed29a67e0c6a4c27fc796373260df62ace0036a128
wice:dev00405,calibration,WiCE-claim,8dc0540dd5387699d686467894f27dae034f04990a53168502cf91bc1a3dd352,e9f63c013efe66dd9ab11226042ae98fe6694307d188c42455a6088ee79b2e6a
wice:dev00940,calibration,WiCE-claim,4150177b54900ee886f6f1ce42adeb5c116875e07ec181df3d989e0475f01aee,e7a6c0957b03c8bf6d065e2804280d31060df0b5b36af13f450a25244f7d8b4f
wice:dev03632,calibration,WiCE-claim,c1531402d9987c1287d6c8da796645a4694b31e4f474653b4086b453a08b660c,b5cb9f4dfc2c88f35f8f8c44ee38732ac817c11ff832e1a80d9f0de02147ab85
wice:dev03292,calibration,WiCE-claim,782eb8c4a366992bcbe01b6adab6c0f5f601ab7f92fc1515dcb9aa0eb7aca64b,c7986020769cbf61cb71cd5cfe412de175fc2ca656c64dde0cfcd16c84dd827b
wice:dev02821,calibration,WiCE-claim,3cdefc1e2baaaf1a48ceec4c277b406c1fc45c920ac341493c13589ead419e0c,e4ab2350d574a72074b773827b1ecd49be4058357ba09de4f275c1e18a177fa8
wice:dev00388,calibration,WiCE-claim,f6864dc1ab02116b310d814bf54ccc1d6d2f7a23536279ba46ff4c17c938bd4c,5f05e250f628ce13b7d3ecf6158c00d76465746fea7ddc436cc6438c2896f87e
wice:dev04516,calibration,WiCE-claim,99b6fa43ea905b2c0f268fb5f636f7814c39168ebcb06d6923f5b695fb523062,352be3a7a914c804831888d894bfef548006884ae94c1b6c6ecb0afb762a11df
wice:dev02457,calibration,WiCE-claim,5b6c2adcf61057ff59f4cb0a23d89c9ca7e451c35222749d7ba24ec8ce4c354c,248d1b4891f96463e93da82ca1dba277d0da04fd29d344bb7ddaa5095b587f3f
wice:dev01861,calibration,WiCE-claim,3d40c0b742fd103a96a93f1ca5689c013fe79c4d021b7dabd690613d77a4b117,fd4961dd37c88be4ec519ab2a25d9cf210c08be41d3c08aedc4bab733a91ba39
wice:dev02788,calibration,WiCE-claim,fa3e8437f9e8d846ce3eacc4706a9d699ceaa7b49b6a0732cf6b0d00df963f19,588f01804c3d49683b460894bc1be82de1ed410b3fecbac55d99f40c65975dbd
wice:dev04100,calibration,WiCE-claim,fceb2c587e6cf7db27686affb476935a09f1079ae33476cdd563de510c167796,45a94aa7020bb23c873c58c0fdf0a533d51d5a5b24a83b04e089fc55e3a77a6c
wice:dev00280,calibration,WiCE-claim,7f7e2d708a8caed727dddd91698c3a915010a9278af770c5f08c2a961a3b3f78,c76336108f3e45649f6092ba9b73ed594338e74a46df03f73c59de1f48bb257e
wice:dev00328,calibration,WiCE-claim,fd7de05af445b925a7dff784373921696402f78b15ed46a5c59463f71bfa6b68,9a1c8e29dfcaa78abd2876a02a1b6e5900737ed224d1856ea4f53321af976471
wice:dev03640,calibration,WiCE-claim,1d05c9cc358395284121f5458c6aa34853c78dc7097a6f840793dae08dcbe0f7,91c01446b43922d4d412021795c282bb458f8577dd24f250f00a3c2dd676f22b
wice:dev00025,calibration,WiCE-claim,fbe0f044925bf4ae82062f23eab7adee3396d64d006efab69764df2abd075310,50a76476f388de9ff1da034dd2f94ecdc70cc042c752193fd69a6ac3200f912b
wice:dev03198,calibration,WiCE-claim,b41b60724fea38831ed170b64f21f6bf0dcde00a3650c54cdf2bd5d17f5f22ba,9116a837000c7c9b06ca5ea35b7edd999400f7ee5c69872fff2ca52d565de628
wice:dev01152,calibration,WiCE-claim,ffd13a63e95936fee8e0def3b8c2949e8bae169b5449a02c4b8bba089dee4dc0,04b0bb019e851f1b9bce744e2a94f3be716bd3b89e70240836a00186d5542519
wice:dev04063,calibration,WiCE-claim,7df14b6795e4fd20163b4531a27c350d5e9327b3e45439000b20bde289144454,edd9cbf83cbfd1aa2b3be0792231d58a48a2955e523ad2f6c7b96b0eac80ca46
wice:dev01564,calibration,WiCE-claim,ee2e1307ab1b7fe6a381bf9c7fdff2710b960aef65a00e27d6b47ae37fd173ba,23322680350e4181e5962566fb763f0cd1d271e634ea77628c2c57ec0c118913
wice:dev02758,calibration,WiCE-claim,3331b749652c6c6234a489bef7b3e8bd81905876fcaa79297c4a952e0636e26d,56a3c823c97d28ab7dda3222d5f724b50dff8e24759345bdb0a25ee30d90f3e3
wice:dev00030,calibration,WiCE-claim,f5cfbda8603da6795881159eb8caf575564acd79978cd1dd841743d8e4541cb4,096261adff55ca6d3df0bb694c2d51252e79ebcec979423024e1db611a044425
wice:dev04326,calibration,WiCE-claim,0855b301a12e8827a6f2544d07089103dd7ff43f6c59d346b20913da23a9c35a,17925154efb5537fdb6863bbfb34c8bfbb380f702f6fa59ca2c8e9f5cc438dd2
wice:dev01425,calibration,WiCE-claim,477e4c61fbff78a405b8276ba975d21699ace43844d32b6deb79d36d2af1a48c,00ccc8a9128244d446bef02fd4d29e9884e30521c9d2e088b8b00b6ab5f4a8c3
wice:dev01435,calibration,WiCE-claim,282259ee5467f0c45b68575e10f9e1f45e243e637ddb4d83757fa1a01deda46a,e74b4528d4d693d0d8c9577efcdddb2f9b8475208005e298f140fbb5a28484f4
wice:dev02875,calibration,WiCE-claim,6826786e29ba6a295e480bb481b04b996031819e2cd65287bd3768bb3ab8754a,a3adccf207e00a3b4de810352b10a01635bc6af935d34c91baae846e74c9a434
wice:dev02746,calibration,WiCE-claim,8a90c0f7a90ee61d047c9fecadc702bba4c402654855e8426285ec605c4a2f7f,f8fcb3a3b2c9c392a07518ccd9d35e73cbcbd2b96628c52b39929bbb26594657
wice:dev01234,calibration,WiCE-claim,cef661901e9b137792b80c386c10c46657f3da73a12cb499bbfee8fb931f22cf,2377bfd2adc35d139092e675af418c12e25bdcac6c7792b737aa47d6c94d0038
wice:dev01434,calibration,WiCE-claim,fdbcbf4259e5f6526ce490901c4f1343ae56f772a8ab963dbd0a30f1556c330f,42fece6fb418cba470b7612cdcd4969c7574a5490856e5690714bc53cf72b5e3
wice:dev01549,calibration,WiCE-claim,255c3a03c3c1fb223748f257c5151a7a5640bc4e1a3f67e5b8d384af888d75a1,5ec531857b0724e30d4ff87055edff72cefa180b3c6939127da31481404b48bd
wice:dev02208,calibration,WiCE-claim,fffb486f82f7719f7621fb09bc0ad0ee648f0f23086a3a361117fb5c28d7e21b,366ae91f08605ca01a51d0bdf2caff26652de9de9e9d2571bf168555fa882a98
wice:dev00617,calibration,WiCE-claim,d2b40f95e3208bfb4116b07f8255c3407811bc092aa1da73fb5cdc07a4ce290e,c9962e2a2f631cf28f638f8d4ab48bc23784d7a67bc923cd6cb7d3fdea0d979a
wice:dev01220,calibration,WiCE-claim,0bab350143a0b3ff0cec4b5c2c7ec3c9a666086736b536d68c8d6517aa4474a7,0729538ba2db9ec8b4128d33fa3f521030ab2285be42b149ba9b218663e253f5
wice:dev04175,calibration,WiCE-claim,b4ee64d6be0554e9fe19883ce8c4b8c6d47686983a3f6a7586d698b043d557e1,bb9846199bd691a100f4953787a7d8415f0fe8735f501b58e16deb80ea5bc528
wice:dev04385,calibration,WiCE-claim,92a44701bac154f40fffdb5c17c48bf09915ef407812a4129b83a578639856ac,a0900da580045cafbbdc851e6c8b973e7c445dc85408a579e6ea093faacb3581
wice:dev02908,calibration,WiCE-claim,9ffa865f2bc6e850157bb454ef3e00fa789e3f8cc631552941a99ba3fcddde51,9f7d5c4fbac4c6c849c3fd67d75032f27351c20ef374169db30a9a7cabe559dc
wice:dev02849,calibration,WiCE-claim,2f88ae2a5dc6f807e58ddd82acb9825b9dee0af87ad1a393700d51672519b4a4,8bdf5323faabc382975a7e71b03deb6c2d1b41c8c5ddce8a7780c9a06738896b
wice:dev04359,calibration,WiCE-claim,eb0fbb5187f7c9bc1f187db7f43fff3a638625052d9976ace2952c3723db88e9,c7115409d2552b345bec53e05991682a9dba97c87d753543c9ea308e7b82a7b9
wice:dev03957,calibration,WiCE-claim,415941e54f526b0159ccb966dbf5e7ba853746d8a61c354dd089f38635b8e790,8c3a391cb77a113979fd0f637d4a2218f59293cd07001221fe3a1c2577f9c53f
wice:dev00956,calibration,WiCE-claim,08bb33fcd58575d81bbd2e437535136f73510ea7b9ecbe28be906edc52b7c96c,a97d2c68b565641838eb589ce00d5b65366561c2cc6467d7e086edf127bb4712
wice:dev03904,calibration,WiCE-claim,7bf74b9b0d2bc4874445722b4867877405c25e54d86a766dfc64382ff2712de6,91e5f639025f3a133fae732b1b62ca943736aea089bda11f320bcddeff007ff5
wice:dev00327,calibration,WiCE-claim,1a656b5f2b9979accd38f60ef2fb741bb30a5f9950b180f79e572130c0301db9,822a1bc5bbf5456feb2a2668d9a37493cfcbb353f89cf22b8c95778c8dba6bf6
wice:dev03525,calibration,WiCE-claim,b228bd488635fd01c0bc1a676d96ded42c95fab6e3f1bf91e34aeb6cd761a9e9,53e2c8f8c34010334aba72e145009df4f140596b215fc8c4e57af5bb2aa4c2f8
wice:dev02139,calibration,WiCE-claim,a1e101662b4c9890172da8ccb1a457432472f7a622b65c5b77f9cf37cc0bb4cf,b9069f3b04a8f2715952005486203dbda4cc0082fad96fff0e2e9e0a8bf36cda
wice:dev03269,calibration,WiCE-claim,89184df3b28eaf0b534d7562ae37dd817f4eea4b56f0f565f83bef4a56164522,c6725485ccea816c0d983bcccdfb83c8d0e1c8192ffcaf0b40212efaf3f36fc7
wice:dev03613,calibration,WiCE-claim,78ce1f78d692c028d9d35a1ee6c4926d22eeaef211f2c63d4e5d6cddffa0dc3b,548c65adbc57e8ccaf8df23676f341bf22ee58480d9683949ef77644b80a6405
wice:dev01209,calibration,WiCE-claim,3f195a79bd7a263da25fa1f9ea26c114d0dabb47c98972b5f5f174b23369b6de,766cedadce4f42665461531d985f63136c27d84839d108353eca638c455ab6c3
wice:dev04076,calibration,WiCE-claim,00d906fd4f3023ce524471db8b7b1098b89181c27eabc64a59d531636b9586be,2150a2e56d189628d04ec6741fc279e43736e2e22f392257344e5633f947f8da
wice:dev01455,calibration,WiCE-claim,639c71d92a371aade25b464047d974f43fd27ec79fecb6f58b7bc5a5b8d739c3,5bf25c274d28dc64f01bae5fae347f71efb5e88bdf27e641d6e6d1652f5f4ba0
wice:dev01694,calibration,WiCE-claim,6f6ea13bdfaecaa2af895adee56e85b58dcd5a9ff1f723a70ebfb71f27490027,3a499c4ef0b9d446ba12ec88fd2b033e0b52bcf3f33e17b6f2f6bd72e92c6b49
wice:dev03806,calibration,WiCE-claim,1ca3e1108646d23c03ed3e35bd7a840d4e3692439dd0fd2e583aa3d565848fa9,8584ea7d2e7f384fd8c6dcb7cf9bb7040b44df13298d77d5b3fe39c575d66a36
wice:dev01774,calibration,WiCE-claim,b2638d74e82f2bf35d436eae3df0c6223f4639f2cf3f80fda2380d5aba7f4302,0004a06164c75fe8f0d5be6126c885376c905f12611c672611c32cac2782b556
wice:dev03536,calibration,WiCE-claim,9ce5e6f6f7286632e75d13ad51d6a1addebc89cbfdf9ba5084f2d4d03a190e17,34c7bf9ccbe33318f161378f0b17886524301f908bbd094089ee6b40162c5410
wice:dev04119,calibration,WiCE-claim,fef82c194f04de8882ea99c19fdd0b7e40906ea7ca9e1961c862f320e7979bf8,c906d2d3bbac7787a9333a53d0dd281495d6b074e7d4e65af55103d07cdca4f1
wice:dev04211,calibration,WiCE-claim,2db2c27ad99b0f5161f33ddc95939ec40a5dd7b38c0b809d4b3b7bbb4da6d332,1b055d741cd91097ada1d088893089787839c27932db9ada89ee2ebef345b743
wice:dev02057,calibration,WiCE-claim,d61a668691c7849b2968e7c337be316e05f7dc79be4329986a8aa05dd0806034,98c5319971874a0b5362b49421a98dc6e0de13244884108e02866c663f3134fb
wice:dev02273,calibration,WiCE-claim,c2ce09cb217d8d65cc7085546021ff3468401b68b634e963323f2bdfe030bc8e,bfe60cf6103cd7cc5ce74f830777b6fa467de21ee9a0fe2a87b3fab04b13c649
wice:dev03920,calibration,WiCE-claim,19c7e0ff3ef65a519d1737825ca4557dc81dac547b3d212aaa33e00a1f90f317,9467fc39104aee8ac44c98c497e7a81b43b1c00e48d74c2743dd67dde2fd0e1d
wice:dev03142,calibration,WiCE-claim,6c4d34401ffcb8b1f37ddab267d05c77d93a645e2bb61353b3da376e4ad6e3ac,b1e2a6385a951cbd25c59cc8fdeb9517fa16735ef5989d442e06c39736fb8380
wice:dev03296,calibration,WiCE-claim,e3a0277b170acb670542da5e828de889aca6607fcd743f6b5901a3a201d13dcb,960d0635bc07b85a59ece54368c3603f013c527c6a9d1f0e05d1f9805915dc14
wice:dev04032,calibration,WiCE-claim,25e66978304c8a960bc342f0669ec5efa05bad9ef0e71f701737596daabc0943,a6218c6c709a3c82bd15ca2e76fa7abb84f9999a2755745aac837b7bcda27a88
wice:dev03528,calibration,WiCE-claim,13ff361cbed387a443878353600efb59688b3ba7b9bb4a8cbaa026bd58ff298a,094e0e81f3f88ac87036ec4a4d1ad9f8c4cfed22b4d43bf8d297345711c8644e
wice:dev03609,calibration,WiCE-claim,b9d17357f53a582b358de168dee36a418a6729ceb8aa88c748ba0904e9b1b0ed,4fb3745812ccca8dedc31b7516034a8d6b62b72f9b5362bd1387d37a689a9659
wice:dev03965,calibration,WiCE-claim,992310d4ea64a1c9857bd2f2d3fcb1cf3ce9dcfd17273e6ea2d1b1c33ef89fc1,97d621ddb6faf24483e8c1d2e6fcb8b03c97f872af704d379501ffd6bae7ecbd
wice:dev02319,calibration,WiCE-claim,0bab350143a0b3ff0cec4b5c2c7ec3c9a666086736b536d68c8d6517aa4474a7,e16625b2cf373c8da79e500828085238f74fbd00628fa69440b11955cb26f70a
wice:dev03024,calibration,WiCE-claim,bdcf654c3b69cc181e95319c32dae5ca22d0c19b7bf69afea556f477a8c68d63,786e2ceff67360e47a9df440ea3313df794568c2af773688f439971991e70deb
wice:dev00633,calibration,WiCE-claim,4cedc6ac28fe934ee9409a4e251e313e91092fec89c5c883c15f01f7ec6197f7,c33044337893c9ced859c0be29b79b525bb1e05fb6f40328ec34a6d395ae98e5
wice:dev00108,calibration,WiCE-claim,8ab591f045b4d18b9d7d627da42b739745177e23b1ef0843f17c18931f9cf979,ec809f3c27c354e666a45496639505d5830b147cc9b5f798991e56f4dceee56a
wice:dev00964,calibration,WiCE-claim,7280886e3a34984701aac5e84462dffb5e10fe11cbd73182fe1732b3afbc3d2c,0b24719409f3a777803d3cd60944aa01f39b7cc337354d585905a4429c26a622
wice:dev02994,calibration,WiCE-claim,e1712f7984d6191220d2d9a02ff7fd2a39954ec91b60395844b5f0ce0cc43242,6391d985ae9b09aac99a34fd5fbbd211e5f16b1b27fa8f124be4388ecdd51e52
wice:dev01351,calibration,WiCE-claim,33007cfbbb9e13b90f9a56bd843c64072b0989de54f271d90e4921955c2161e7,b7f948199f7ec12db9b66082f6547e2b798900ef13076abfdb34e6a0ad9b37fc
wice:dev00330,calibration,WiCE-claim,941ae9945af82305c4d68323f1dabac3ae412b3fdd0d3e1e471c0583f65e6a8f,36846ef9501173b25d1c4ce2aae78b7b34449801c84554ebc3fa139e963ce2bf
wice:dev01231,calibration,WiCE-claim,43abdbf68f4802c330627b211e0d9030c633abb0770ce048d7954f4607ab02e0,df4328281109a825c33673289c35e428c5fd9540ae5559a35a1dd8c774795651
wice:dev01927,calibration,WiCE-claim,596f23bae3e32f5550354c74cf2b5d730b4a4ab3c7db9ff59f3b03c0a774481b,931abab6158fba17a9580acf6603d260e3cb459ea2d0d221a07585de47da9740
wice:dev03946,calibration,WiCE-claim,15c151f41e34da05f4dbced3cc0cb04028d5602f04017dedf3f5cd2c7aae81be,457927e004f77c21a39bc066340afab6df04faed7c97831f05a85b1aeda3c667
wice:dev03890,calibration,WiCE-claim,0bd121d0813db6d0a4756fafb52e8216474d95ce10337dfb0872f9d332bb5766,f242f00dc79402aa4f267caa7eccf07ae933a64dcfea6b1e72199cf88b8728ae
wice:dev01746,calibration,WiCE-claim,2b8c225d4ebcacaee24efb109fc3d176e80392ecddd454e22cd01c511605e257,39f99ef93ab42b4d9fa41d20f70f552197d91432bc72a7402c998b6016243657
wice:dev04146,calibration,WiCE-claim,a1d133ab8ac3739e9ff74b5ba3c9d4da4be0931fdf27c3bc1f65745f4958a0a3,555be374cf9f01c136618bcb85e549e599391ad2736f6fad8b17057350f52e25
wice:dev02466,calibration,WiCE-claim,52bf71533e45cde84b11b39060119f2cd6e3c44bcc0f10936415bf9ac2c0af93,c6b30efb436917a2c13272d2929bd316ab6e27f1943c1c1c01768093468923bb
wice:dev01323,calibration,WiCE-claim,4f40a1487c61899f4a3088e94477356960785ec3269cbabaa4f065315d750744,4638bf8332f5683f8e506a59eb84bd0ff024be93d7931c827b6b834c2e49cb7e
wice:dev03250,calibration,WiCE-claim,8dc0540dd5387699d686467894f27dae034f04990a53168502cf91bc1a3dd352,31813993437d8af9a13fddada4ef5bac82c9d211775fbb4d4ae2f42d7bf36f7d
wice:dev04101,calibration,WiCE-claim,e37238712cb1d1da783cd69702007f680849ff164151ad294a0464bd514450bc,872ed598b64bbb4dab1da8b79703d7dcd1246ad3228c9dc6fb2f2f2ca18ab087
wice:dev00782,calibration,WiCE-claim,d88cb77774f18c5f03f4c2ecf673a199b4b382498f072ac97f436a31bf5881cb,6e994ed2988ea7f52f84cf55e68dc73b99fa42607b6688a7306bbc8b62f3fdf3
wice:dev03830,calibration,WiCE-claim,c30d322627e393ac7c34bdf722e04971a3286c3e3b632e35056d1f8e395d37f4,c4c1ecd32c54767210407c1c531b1fc3b72855c12942737fda78279625df0f27
wice:dev03027,calibration,WiCE-claim,de4eb6326aa8871db9398c2aa5ea519cb200d7387d47dfacdb8004008e234a89,81992d05dfd1b7d808f0e99143dcc9478cf52020c746a0e3eb5065bc2e6eb396
wice:dev04217,calibration,WiCE-claim,b382c1413f50c26968b6d7faf773dae7237ed18c6de03aee12250db18f610ad8,0d50e4002c40bd8c3d1fc7828f13cdcc40c9f3fe6b046ac41722632330f65fb2
wice:dev03358,calibration,WiCE-claim,ccdeb7b2959ec1c7d2ff33505d2ea090b8cc583c32d2d855eb5b7e5c44b625aa,a0a1eb1c774782dd397c053edcc62c592152ed8ef8d51ff7b674ef42b1745955
wice:dev03312,calibration,WiCE-claim,371c6b8c02f395d3eb9ffa764ae540370b8e8cb87ac90715c51838e306bbbb6f,e402ecd40463683e55afe5511690d726fee3e23b20b3ed50552ece3173f0e2ff
wice:dev02066,calibration,WiCE-claim,e196651c4a0c46754c7f84e940b4b43049e4241de1e533795df871b272a9090d,1912cfc401c419ddbe1c31d62e868ed933c25d8f1e44b4581eb33964a80d0935
wice:dev04047,calibration,WiCE-claim,926e217d8cb0422328d43fa9d15fb8ba7fdbd57c03604997e33331ca1183f80d,8e6c093e2fc1609e51de26e8e58b32d74fb93179b86110bb72b250ea86f6334b
wice:dev04292,calibration,WiCE-claim,57f79a266c8fa7cba4890cc1c09ad52d377007d6180d4cb1fdf048e12487d115,ffd31ad3f1ffbe046fcf4e454a6f2ad37fac7b32e2fe931acee7ac178af4d64b
wice:dev01583,calibration,WiCE-claim,eb3f47d20d98c6a1e112c314f35039a20b1766eb84ca6708adb1b5194d4b809e,bab5d7971ff5a3b35b8586d6c9531e9c912394eeec9a90e4d3f8c8f79f74ef30
wice:dev01418,calibration,WiCE-claim,d6c57ab5eacaa35dee8702d34b0024be3450cf824ea55e3696ceabac97675e5d,09476e6b5633730679b7006845c45a227ec79e8bba37573ef69fa3f7685acdd0
wice:dev02041,calibration,WiCE-claim,4fa7665623e4d665ff4972a29052d4948bcb131f9d2a65e86ab9c2623d0d9f3a,ec6b2b598a17ceb35791291451de0f6a28087fbc2c057c0197911b400b96f5ef
wice:dev00851,calibration,WiCE-claim,ff4664a8015ea6a2c09379eaf0f04b9aa86d8dce82cb5a79388d4a5ee21170a3,5c38a8b8824b80c76b3042d2eaf58336d6f1a727095fc6a63f8149bc48515ed6
wice:dev02271,calibration,WiCE-claim,0bb9f1241f00bb080deecf102adaf7145de8d3cbac4e226ba4b2e24026640141,667518b47ee5469b8e7af9b5fc80fec579b9d9046aca9c65f93839d8086dd825
wice:dev04390,calibration,WiCE-claim,fffb486f82f7719f7621fb09bc0ad0ee648f0f23086a3a361117fb5c28d7e21b,b1877b6f5ad9d3a5504b7783158a7e47ba88728161b4854ba722fc6cfe174736
wice:dev02375,calibration,WiCE-claim,af63066b72868485c8ddad686f14add26ba244c298f6f7ce7e50d37421e48ef9,1d593d918059150773ee1f741acb5b267a7d8553117c80939ce17c86525cbf4a
wice:dev00116,calibration,WiCE-claim,782eb8c4a366992bcbe01b6adab6c0f5f601ab7f92fc1515dcb9aa0eb7aca64b,374f01e41771c2846dc86afc4635832807bfde60adbbf57c9815e7b22ee4e97a
wice:dev04285,calibration,WiCE-claim,1cdcda2eab336c3290a077f81085a7e8efca931dc7cfe8b8641a6fb17bca4169,d7d0a8439d5dbcdd373047e26de8339904ac95033f7204b44bb39b57ae55bec2
wice:dev03706,calibration,WiCE-claim,dd1107a31ab342763e356a7c80c57058f7fc6ce6d13492bce0a272ba28ad9fac,37679658a83efa96fccba4446a6ea553e53ffb0d825ea9e4c858e564236cac16
wice:dev00710,calibration,WiCE-claim,246234ce309f3a4ef598ae8abbc10b0f8940006568e6768a05a316192dad108d,c3d47172d79f21374bd8b74982a00ad9b5b6b60eb1e4999e6d7d39f8400a1d6c
wice:dev03019,calibration,WiCE-claim,6c1e334d688af74295e10a4b66a2d2196ca9188cf2d50f7cc797c70d1ae7cc81,8fdc7280512fbd2a9a3329ae1e1348de04b5210431d6d5084cc0e1d7bbcdd346
wice:dev04441,calibration,WiCE-claim,683dcae02e2203e9819c59bf26ef4440b86bf5c2474ba2ced0b2cc028f619830,813eb62342eb9eb413c165d0b6d0475167f1304a6f8e0830121e362270ca2481
wice:dev04059,calibration,WiCE-claim,0bab350143a0b3ff0cec4b5c2c7ec3c9a666086736b536d68c8d6517aa4474a7,8db0ab91510605851461f524680a29c6b4b4caa8af90c7c38452ab3407196bfd
wice:dev03712,calibration,WiCE-claim,9ea9a0b21b71de3de472a30b0626536bed6ba3d3fbc6003c4ab180ab199ae366,449c4c899c7b6745ee623fa8c1321a2ca68515e74740ca0251ee651f9a3c1f96
wice:dev00664,calibration,WiCE-claim,b9d17357f53a582b358de168dee36a418a6729ceb8aa88c748ba0904e9b1b0ed,12a23d401ce8965952da373af65537a71fc4d14175b8b948bbdc3488096bd38d
wice:dev00292,calibration,WiCE-claim,cc33abc626cc8091713f20245537822f70a88d5a5f03526350037a1707c4f6ff,6cc730bd0d55c3e635a5e087ef4dc2797d8720b02710242c76a863542204e4bb
wice:dev01786,calibration,WiCE-claim,0bb9f1241f00bb080deecf102adaf7145de8d3cbac4e226ba4b2e24026640141,292eaafc08551ad65ad339b54c47c1e4a6135759e7f1c9489fa55af02379f93d
wice:dev01552,calibration,WiCE-claim,b2638d74e82f2bf35d436eae3df0c6223f4639f2cf3f80fda2380d5aba7f4302,edb5f1f757b8e87aa07aeff8c517244607a9c765b8b887dfdd77a0851d6c821b
wice:dev02287,calibration,WiCE-claim,450cdae9fb4796fa9ddb82ca4dfeb365c356ecadd5b0fbd729d26178a26b89e4,dba287153559a6c3bc443a9fb379163528134d1096bf0491fc7b17510e767d03
wice:dev03134,calibration,WiCE-claim,8662848a7d3938d3a7bb5c2ffe3a8fbaa490999511e704e736b743887be32647,812d8660c9ea845299beb624aa18f5a2aaa7650738d9a1605b0e72ea36ba2330
wice:dev02718,calibration,WiCE-claim,4615840748a1df149fd8d2999c923f90bc30655654c7cfd830396f21e429b63d,adf1fc268236bafee497ce49351fe9b35714481e473686e09b223499d03aad70
wice:dev01841,calibration,WiCE-claim,167196f15c176ff6a8dd7d85e9c70779aab43505e22365a26efb05dceb1d1e99,9e0c87a300fa6eacae4a3fe01abb782c5a456c2888dd030b0739bfbe07729312
wice:dev02891,calibration,WiCE-claim,645eb2fe82736513928073ccefeef3fab2d9fb4331a65ad865b6b218a439cc78,8404ebbfa65f885011e813e606baf38b3a3b3014c0b7f741f3f161aad7bdf307
wice:dev02470,calibration,WiCE-claim,c546d680b87adc0e3b36dc01d3047c0f43d0c028a46d3316b2b0590887b91589,f1855063ed70db134426501922bcf72a3c74cacd72667158bb1bd896b6e723e2
wice:dev00831,calibration,WiCE-claim,03a023ffa1f4c9b100f508a3357c63fd2ca152c7e79e079f65e14180c9051839,e0dac15f5053b84230fcab51b40c609c82895b005cb9da68440fbe511eb4378c
wice:dev02252,calibration,WiCE-claim,94505d3ad1fb62a675d53743e2ecd379e7332905e21747deca1ad0533fa9b92a,8de6a12d3b076e16351f85c3c430090ad4e8cd6e84af5e6030adc9e050e1f310
wice:dev02210,calibration,WiCE-claim,782eb8c4a366992bcbe01b6adab6c0f5f601ab7f92fc1515dcb9aa0eb7aca64b,f71ff66a2ee5daa311dfeb052ddecb74e4a4d4b84f947cc279adfbb0d3d3446c
wice:dev03128,calibration,WiCE-claim,b79fc299b5623e0c8e55f831a43fd15dad57bf0202b51b897db07df477dbe9e5,8be025b2c4e676cbd0001fecf89fdb41bf33649c455b8fba74d6085cb21212d6
wice:dev02246,calibration,WiCE-claim,33007cfbbb9e13b90f9a56bd843c64072b0989de54f271d90e4921955c2161e7,eecd8845f217b469c6602655aed4df1975b3adbf293b1d347600a6244dbefcfe
wice:dev01893,calibration,WiCE-claim,8b54424eea7fae433027e4389aa8cd66439f5d2f615ad19821e1de89abd8fe5c,696f25b6722d07296b03c901702914183479dc6e71572cb61382d3ee1ef98296
wice:dev00781,calibration,WiCE-claim,a47f610471d4ebbcab68d5a3bbb5a08e770c799d2ea3b7cb78ce73c818e8df47,24a3972ad1f41a9b685991d4bd3138222e9ae65d1775ffa75b3fb010052c2819
wice:dev02256,calibration,WiCE-claim,ebeeaaf39ef170f448f9fc3c52ce1728d6ee8a2de7c860842605d433117a789e,a1ded58680f3a82223af9aeb86f4393119af4355c7db6ca608c5e332266b5dab
wice:dev03839,calibration,WiCE-claim,29b8e02459b41f918ef76476a8ad52feed2029064f41ca2731c51cd9f5b9a2df,0e6986ebac553291c144aad5fd7c7fbb1e968954644f8961dd0911578b5c6a1c
wice:dev02262,calibration,WiCE-claim,0bab350143a0b3ff0cec4b5c2c7ec3c9a666086736b536d68c8d6517aa4474a7,9fa001dbf1f325941f57166b0eb3c238155eb29ff5b1047021ee91eff16ccd7c
wice:dev00504,calibration,WiCE-claim,7f8a8bcfb7a69485bbbcde4018f1a920f2f223376a05ac6c652bed5b15663335,00f015ab8d302557768af74eb185b7bf839c0182f18973691ddb0f0eee9af23a
wice:dev00733,calibration,WiCE-claim,44447871ee22c50ed561e5b56a6a7bfd636c30df8ad57bbc907e948340ab57ec,5525e858c2225bc43a4636b7b6b02e84dd94963e8e9fbb10794f1e64839c81ab
wice:dev00217,calibration,WiCE-claim,6028d2eea5aa12b6bdd1aea0e33585cc604a68fee21ce1a620b180f7894fa589,d24d97d40018956f0aba1a185f9f80de083d88d9076b8be0e90a29714add8c4b
wice:dev02311,calibration,WiCE-claim,c0094643c690e279b9fb9a3763b2294b34cef9c0c3f7317e723c00e9460c02d6,0b2ab29b758d9d1d159932f5f3ac4f13371ccfc414d9b62047fb3bd7f248e649
wice:dev03832,calibration,WiCE-claim,4af2a20664fe671999fbdf3de932989f9c795fad4d11551a777a3f36ccd7e0da,da996455a601c60622f8107ebf91d9d720ee122fc2669d1952f97073d0ee9d28
wice:dev01469,calibration,WiCE-claim,ce7b2c9220f561216eddfa6a171050a77ecbf0a9d1a54ca5ac0ad5d0e88872f8,57428a7d81cf80ab79a0654999007c286cbdb49c3247cf730528c796d7576e2b
wice:dev00771,calibration,WiCE-claim,49a5a382fae26f25317a0e2ed4d81e42414cc9aa28cf5572a04fb5cc9120597b,fa4e378407e9af4105fce4c119ce49bd651de65d0bb2cd446b650235a21ef2f3
wice:dev00556,calibration,WiCE-claim,2455670b11192eb43224f9eb2ecb43a2a6b50e650e53455aef4235ef553a688f,9e66180e72b19329007ffc7c25a059a76b48c9957dd290c3ae9f151e064a5c7b
wice:dev00137,calibration,WiCE-claim,7c776e07cce87fc511339561bf327b44e9475edeab6255e4b4b8fe36f8ad2843,dcd717346df358e2854e36b45197e3cf85cd06adc99ec618da39710ec857a8c3
wice:dev02060,calibration,WiCE-claim,256c003730ececcc6b0d45e3105633e87e6296d2cdc2d984da5238ec7a97ff3c,8593f2c583e90cb9fb74add14ba44622039ca91f118ef2f4d25c8653ddd61b2f
wice:dev04389,calibration,WiCE-claim,69810615fe941ceafc76062245415575aa997ee600903758cc56ce4710a2156c,ea367b1cb9754b4b7c0841f86300f8414f5bb643aec09d381a5f4abf1ac7e8a4
wice:dev01296,calibration,WiCE-claim,782eb8c4a366992bcbe01b6adab6c0f5f601ab7f92fc1515dcb9aa0eb7aca64b,c98c93edcd167830bad9ddeb80ca03688b603faecc008ef6d9b9bb754b5a0a63
wice:dev04470,calibration,WiCE-claim,55daf88b667b0e473bdbf2550ea1d02bd3c0c6d0ab724c8f62defed8374eb39e,0b403397cfc5bbd7be292c68bba59525d325631226e1a9271178164c0562dfb5
wice:dev02061,calibration,WiCE-claim,a41ef82165385c3d65d8166f716495f1afd69c899560714d997e37ec1af3535d,3cdf87d0f242bc29d79ebb7aebf6909c21353b9aef6b83dd3054cdd60bba0416
wice:dev04214,calibration,WiCE-claim,d4d5a55283379833c66dcff17dc387a84770d17d6741dea06a09a6baf35801b3,f76ac9c6621e7a9c272d24845444cdb67580dac6e7638f9871b822a26385e6ac
wice:dev00131,calibration,WiCE-claim,1ce8f0c3dcfb3f8472b078d4fb7fa4e9cd727350ae2d923e218773da5bff7444,c62acc1a3d54e07d6784862c73a5639c7e355d460e3280abd6c82da133720fa5
wice:dev02618,calibration,WiCE-claim,de85154ab42211d7f649dd30d49821f12ddaa0721bb98cd19e0029ea354a82e8,90bc2f47327fb38005820ce5de5aa73175f5d765544d1f6e003675a897d8a859
wice:dev03617,calibration,WiCE-claim,39c8aff7a1498395df0be8ee84ca0dc1ab81b7a0b4c9f237df508513caf5f29f,b5cb39fecc8b98604ca057fd09c3edb8053b7174129d168278faf84168829a4d
wice:dev03281,calibration,WiCE-claim,c881928d079a34672bb6e4d7548fd7162cc4ae48202f384b743cdf08e646cffe,7f79f04526ea0d9d62577c6296b8af9fdd0451bdb624c6dd44adc6bbe70e7391
wice:dev03186,calibration,WiCE-claim,5c17d1141d8a72aa3ff6a255295f027ff806532c876cae0d5a03b1eb5c9077f9,b04cd2a35d092c8579e7def91c404a3c9835e48b76c61e995c33e710cb0512b5
wice:dev01180,calibration,WiCE-claim,fbae2f2056e76bb372745ae3f764be98875f142e8489f1d761308a1cc38fa74e,a35687dc39fd12bde994c5710e3e9182e52010a0c1a6e7b9889ea2effb94e1cf
wice:dev02950,calibration,WiCE-claim,7df14b6795e4fd20163b4531a27c350d5e9327b3e45439000b20bde289144454,393877d1aa07a49d828ed97be25f6618a0bfdb4921009b3e7efb61bf5a7fe324
wice:dev03307,calibration,WiCE-claim,8e80bba011f61cf86d4f344ff31b7d3fa6bf223e6826a7886ee4fe6f7cedb0b5,58d306c5d09e94e9e33486f077cd267e0d0af419d90f99ea02c79d053b35ff85
wice:dev00126,calibration,WiCE-claim,5c012fc60dd8de4889aee29461c65725ff635f13e5c6377f0a25cb968e3f5055,2c7d11d79c886935e6049fac1417cb6eb015bf69d66191935f0338da000ca3d9
wice:dev00156,calibration,WiCE-claim,6794dd64fe01747cbd731ec7c05680bc1fa5ddb8998f86052ad626c3d8a61b96,9b8071c5c89000e2957176863a4c9d1033efe64361d9d815869fd34afd5892c7
wice:dev02126,calibration,WiCE-claim,099d1330d51f0d204b263a55e70bf944d90d06205c1d39998aee6d5893fa567f,7e9c8c1736ba87f9911b2ff58c3399a31649c920e2abb40749b0e2f081cd58ba
wice:dev01868,calibration,WiCE-claim,24eed801efa9d5292a77e472dc755738ea56c543340d752b8d501e405815ddda,995c8df6313dbbdf9866abaf20366bf4fe07646556b6c677584169fa11fab7fc
wice:dev00005,calibration,WiCE-claim,921b4522506c7d283cf4fa8e28202355158eddc961a25ebcf7868779cd0804e6,bac4c00f35b065bb1752dda02bd365919d908613a9a42386b3b750db833aa7a6
wice:dev00279,calibration,WiCE-claim,0758137981f838391ee3014e8c7c457c69c975e9eb5480500eccd294490613fb,91b21844aaaac6199fdbfefd67eff5a1bc173e05179d54e2bc629d545e8bb265
wice:dev00219,calibration,WiCE-claim,782eb8c4a366992bcbe01b6adab6c0f5f601ab7f92fc1515dcb9aa0eb7aca64b,ca5c1ec733d9d8f8ef7d1fdf69e58dda7f4264e5f05e17bc17083889e4d542bd
wice:dev02191,calibration,WiCE-claim,0bab350143a0b3ff0cec4b5c2c7ec3c9a666086736b536d68c8d6517aa4474a7,5e25b279b9761197751aa9e512b5f1498e92f58378de642a57fc3e1e14167bb7
wice:dev02544,calibration,WiCE-claim,eb4cf2117dc480e0516b0d396b8c073a47d1ee71a35b25b3c1ada0a93698b31d,84b780831f8d451784c637cad157943cc5273dbe416759f344f74fc833bfdf83
wice:dev03793,calibration,WiCE-claim,62f5e1a57ce339b990d2e33880c7468d1eebdff3b1ecbe213e20efdea95c9f2e,807da1424c83b11e3114b0b685985ae930aec193f23b6a8b2d9dd437355c2ec6
wice:dev03583,calibration,WiCE-claim,dfc0be90e0f8e6daa3226ed4750f21d934ec84dd0691c626e9296a50b71c9cd1,6e2709d326dc7ff1e77f4cdbc72110014a5e8bf1b1b0e06fed679212ddd3cee0
wice:dev02199,calibration,WiCE-claim,ca67918976eb72aed14ce72877e6c39ccf19bd89817312446ceb5d670e86686c,c863ce3416a0b852a28e2ce8a7b3462083fa75013a84284a2dea60e78e691a16
wice:dev02401,calibration,WiCE-claim,099d1330d51f0d204b263a55e70bf944d90d06205c1d39998aee6d5893fa567f,2a3f34636a1293e78863d989d02999e7fa0e63c44d5f547c20162f49005c2acc
wice:dev01883,calibration,WiCE-claim,7bdd17b6f7308264174ecd6ed91b367d24f98ce84875ad86aaf65c68f4f47830,1704d529bd7adb9be557532974b397753cf328710d7026ba9fc804dd43a38149
wice:dev02478,calibration,WiCE-claim,9a0dcf6da51363b1a197000aad8e43dda9b2961f8703086db6ad737367421054,c943457595c8f7dae8edb202297110c3573abce993be87995be1d55319950e76
wice:test00561,test,WiCE-claim,5c2d22d9147b7856f0d8e04e69ee77e3ed87c77b4c15d0f29ab802ebd62d7098,853bbabbffd7f9c5afe3bb3e5137aad4f48c788f4786c4e4af40344243263f55
wice:test03787,test,WiCE-claim,4b54b4ea050452442237f3c746de4694b9d87b39c04305d27abfee4514693f36,a7fa1ec821515a4a7dd50b4bac884229d22e5135a2f7e713e7b3ca6e95bb93a2
wice:test01962,test,WiCE-claim,1508475d7ed90594dc110801e8acaeb01ff6ad4aa4e40b4669216ff87d9d7b75,b389e6b890565ba21209fe807ebfae633396cf735cc675b76bdc4f79072bfe2a
wice:test04287,test,WiCE-claim,47a3935d813224d79b433f846a35c0220d24f975e4f94134777fae047983b987,41ada658e7c2224d9978bf057c9ca562948deef03e8a9fe293172b36296c32d0
wice:test00912,test,WiCE-claim,7fb1a0c2b4079bac5e3d03ffb30e28be4e94444cbda7d5f2bbe7af846b7236fc,450489c1c6d078e451462e1f81d353bee536f98d18a7c9aa9c7f86cd16ce8bf4
wice:test02812,test,WiCE-claim,baf57731619f45ab740a64c6274400e6c9aa1a524eec2697285b0b10ea39e6f5,06e19a2d55d9cad1b649488092053cc4edaa211c58ae003ae084084a88946e1a
wice:test00064,test,WiCE-claim,d5903c1407a81ec2e154301637b926f98211715b074c248fcd800ec14527571f,8a27be191c013342f25b933870b9b052ddc1826f46225b46bfe969acdf34d40e
wice:test01029,test,WiCE-claim,ccc1e688439536c902b1c210049e198f489820c03139b86f1eca6f74906df670,70750a2be9b13ea61aa98bb24e6d82d72d82344c49bdc405924b7b3aa75ce6de
wice:test04328,test,WiCE-claim,30ca8e00d51a01495b6bcdd16b97003396c9dbe7da000e83a50ccac60b0b5ddf,854c5df7efb308963c352918b710aa80efe944c5cb04feeed4eef80d97267463
wice:test03444,test,WiCE-claim,600ec85c93e984f2dd5ebaeb163ef95c1c5b4f6453985e61d2b2d2ece2dd33fc,8eb2c69473d29583eb75ee5844522a65e4455602e8bad27c7feac46b9042e1e3
wice:test04504,test,WiCE-claim,07b2e4a17acfce048a1d0be9db371484f77d56f55bed99441862956a89c64cba,f6b62eba473809b6d6dcabd738b12f5b2510ec2722e983807d019091d4809de3
wice:test02359,test,WiCE-claim,c26b8dcef7db2b231e6a899469e790560aafa05b4b336dd0ab9c45c5a2d8a7b2,bb4c2f7764bf1ab9a09ac1deb03159104f2bce44bb34d337c9b0cc8aa6e381ea
wice:test01062,test,WiCE-claim,042315fd228e902c99ce86427141d08f4881b4ceb23e45b646260724e5ee0ab6,e992d335b8ae1c7901e7547650984318b5bd4628ee3f02c12780bdb037114fac
wice:test04259,test,WiCE-claim,6ddaa3fcea62e13cce01117b5e02fad84ca9b358550781ef49da5f1741651151,4365d696df97cfd3730e7bcaea0d3c2e790f7e8825d2280b2984d2d0b94092c4
wice:test02571,test,WiCE-claim,569beb342634f14061c8abb73d4d1274edcce666d5a1c66ede01317ca210f0ba,191163041b4e390bd2534e291cb2082aac62e70018fff32f70baba9d2764332a
wice:test03809,test,WiCE-claim,c9a2f4eaa2cdd67af593e56455f19a085e0864cacd3b6bfc9549beb3c348a005,7e8720fda693f0a02606f45c1b4beebbd8786bcbd54df7621c291b66477e817b
wice:test04310,test,WiCE-claim,1a17149a5d7d4e9d37eb779cd9df12ba16a5c598ca41fe1583c3129725097ecc,0ed535eca5c359efdb42ef2eefac8cf04b72e650e351c187d2dd69401d7c988f
wice:test03749,test,WiCE-claim,adfb712b5776e4fe00e451685f8a775a2a3ac464b33b15dd2531574f79a80bc2,a703d612702d8972728ef71c7b07aa854f0b491950495d53a17178627d92b2dc
wice:test01231,test,WiCE-claim,be744f068bcca042a14620dd43eb6832e36d44c06d397b79b82aa4f60cd0b75e,0f6b0450e918e7e74006e9bca1a76d34e064d95db651c6151c5dea43f360bb4c
wice:test04247,test,WiCE-claim,d41a88f3dc1edad970da244867bfec5415f8f5bb7b7cd15647ea8204d28ccfdf,7485c0f603def8cb59538021f82655df736d808ec59415afd4d82fa823be19a5
wice:test02993,test,WiCE-claim,f408fb24d7e6d63ae61af1bd47898afa9ea5032d35a22f03e7c59e9c4a1ee435,a50a32fee61b0ed6244566c33031048be2930b36d08074055c3f83e6755e72a0
wice:test04499,test,WiCE-claim,3ad97655febdf5c78eb87dac612db89446990789cb2055f6a1cd6bc1224f86c1,0be10386737f856336d53b8549450a63999bf5aeed0737bd461818c0f33fe203
wice:test01901,test,WiCE-claim,89e42ad8a19946b3a1942b4665d832d30cc92e337e4e47280defa65ba309f439,938a2f03390e6ed1825e691cb435e9218b524b24c7ca87c668b175d44eb7f4fd
wice:test01064,test,WiCE-claim,fdd2b026617517eee80351ce1fe817b9eea5589c9d05e16ec9ce108b8f4e50bb,ef6e08fdb3a8bfd9f28d4f0534c370a6e3356a8cd39fd20e0a6ed69b78376588
wice:test04021,test,WiCE-claim,54f638abe78f4a1697ba1555faf840c9a0e57f8baac7d2176fec0e1f924c27b3,ef18314ec8b5040150014a22229902b1c7f48e92d43b9fe247939c5a8215c5e6
wice:test04027,test,WiCE-claim,c452da0abbc126fe325431644531f3a4312c32c73eb68b9afb8ca234f68a228c,5465d6872853e9e040c2135da28c5b9ac24f06152bf8792310af6d1f7deb31c2
wice:test00879,test,WiCE-claim,7cdb027fde780a4100b87ffaba66e5a9a8e21dd7d6e737e6314d4f912fd45f63,3ff98cf47b734f62f679abe31bbdf073846f6fd4fbc4edf2bfc08a1ea4c3e09e
wice:test02384,test,WiCE-claim,a69ef980e701b906c8516bf37ad93bfc3afe83be8ae36e66d705b3020716269e,98c512c9d5d4012e693cbd800cc2bae1aac45d0c8d9d2dd2da0156c6643bc293
wice:test00093,test,WiCE-claim,fe2e433e48b05836f103d1ef70665fcdc74bb26a0d77337e4a5516f8e0740661,568fb6176e39d21d47be07df5b4a6ffc8982684d2cd17b67f98ddc411a18408e
wice:test00115,test,WiCE-claim,044798ae59cad00ad3d840ba0fc82e9503a3492b971551f0b9e9bd84fa8f686c,0897924ee7cb62f9dc3757068614d519a510569aaccd87297f43256a496868c8
wice:test02816,test,WiCE-claim,e0af8970e52936c43f5380b81f535cb7b162c258fc71a765d3da8f920bc05e03,33fd214219d26260c720ffde25986a567e687c306e95c1e3634f4d7e8030c1a2
wice:test00128,test,WiCE-claim,d8cc430d3e11c9557f5b33a7f7a249d1c6467eae86ad73cc3c891bd094ab4fe5,f1ca3a2addebb5307cb089ed67435f9d0ccb45aa653cf2f119d4fdc1e8bd3ae5
wice:test00069,test,WiCE-claim,97af019a564d159847a634fb9d88254e281d3141962d6d89419a1e86264317ad,d1260faf07e168343c884c4f93e1f725676270a9329a088e4a774ca1a9f295e4
wice:test02894,test,WiCE-claim,47405874d16d36d732727056d996afea170bf70c63a25428e8e48e97e45e14f1,aaf0b23d48873edb5ad598f155b6b3ff4b7713678cd8f30cf7f0aa7fb42ed128
wice:test02342,test,WiCE-claim,837482b0708edc907f738c9a0980c87178daab07a701e090eb07829caeadee78,2cab9c0d74a3bf925d9cdd7fda8663ec3cbc75164048398b32c7751cd19914d6
wice:test04460,test,WiCE-claim,a4331ed86f454c8850fa77e8643d692c6be9b000b623403cc826106ba6b12ef7,ab1b90274bf286184120a2fd09656c40b4600aed1135bda5faaaa84bf749bd20
wice:test01762,test,WiCE-claim,1118e4605bdb671767976ae058c0e35204682da42c0471fef2e333624534dfc7,6adc7def9018e559404d99990ff6a89312be672be3eb7c16f687c390a1aa0f3f
wice:test01429,test,WiCE-claim,2abe1dcfcee1ae9325f4cb81a0917dc5cf103797b4ed94ba31373bf6d651236f,b0d5d8e59fa12b8914261c21f21c47c932b09d1bfb53487b221383a2e86362fa
wice:test04515,test,WiCE-claim,c1a4220c1edd764b0a356d50bc92c364331e45491f3d457e1be84f13b223dda2,3272020d38daa3657749c9e7ef20c88e4daa07755822b631cf1e87debf849633
wice:test03895,test,WiCE-claim,fa507069752ff4ae3fb16e723c60fbab30e795c83565b8a6cbb17b86fc6cae4c,ef852467452720fa7376c2677314ef68f107f746740b8740f3064d462e39b387
wice:test01448,test,WiCE-claim,ccc1e688439536c902b1c210049e198f489820c03139b86f1eca6f74906df670,bb0a353cedcc301903dcc1c6e40dda0f6153ec1c905944f45393db2c5b096777
wice:test03771,test,WiCE-claim,3d4fbbbf58e83fdcb45d4c520abe851818c04468900906ff4ea071bc8aa019cb,48e4d9d83515c3ea51d929eee4367bdff4f352d308520a26d224934de5463414
wice:test00726,test,WiCE-claim,b41cd3d9f4360fb1646d76f16c8b7b2c2c70fffe14f72b00730d4e6046a94901,81a9cd5bc1e8c2c245d736086b35a9983342b0bcc4e1c4eb42a83faaf0b0e0bb
wice:test03840,test,WiCE-claim,50e05cf40dc47c664a831727b1066feb75ea0705a5ceffbc553375bc3bf90cd5,eda3882d044b8423776d6804a7d26b742539d67f9af35909df0dd5391073c8a9
wice:test02072,test,WiCE-claim,c0fab794ed2659c07d8e90173b2c3a0ce216faad85219a44a68ef3cbb532cc8e,c3e2c03607e2fb019cd10e197a126aed39d191c52f29b17477276fa4cdf295b2
wice:test00996,test,WiCE-claim,b35a1548775941ae12acf4928bbd483ce0237cbbe3b8d2e479ee03892eaea2b1,319b288c12e197b975bfb52e9495c45c27cfd3d527e0c8ccd8e626d8388943fc
wice:test02315,test,WiCE-claim,c78c5cafa39d4a7885e4493960e2b1ed42179f70cca7ee65092bee1c0058820b,7342aa1a12a770d9073b4f97a5b9300ffde1a162177499181af06d2bb56458cb
wice:test03997,test,WiCE-claim,08be9e8e3fc72bed5eb614176bb0ccf0fd8eeec437bc9efdf34547a92951fa0a,cfcb9426b194bfd01f78c6795e34097df7daa837917fbc58a162392bab0864a4
wice:test02130,test,WiCE-claim,5c544c3fe7c5c90c4a55950bcb3490bf6c26fa3c9bc25d3a01a703cef147a5fc,eff2258f130868aae3f145275df36f6a8f9725a7454641b57368a3321cd11c16
wice:test01053,test,WiCE-claim,3316308bb4541fd76e046be60c29a184d887f6f721ee2bac5cc95580fe5cfdba,83701f9351dac500f0082260b77c94df30a09907dfab8350605ac4aeb9216732
wice:test03602,test,WiCE-claim,8a1b0ced785c6dcd12b55bf64271637b652899a1d1588a65545660f0da025c61,4dcdca75638d0d27c16b2093c5284262585fff049d6efcd70a17db0c51b05479
wice:test03437,test,WiCE-claim,7cbe81cf681f4cc8eeb89d8da4b473518fdb203166129f8da0832a9a184e19cd,df37eee50823a541d62f3fac6bf098772bda1a04909c1078d62c4c4053b2b961
wice:test01425,test,WiCE-claim,6ebbc81fd7d10640b4bf9c4d2eb625efdbd518cc919debdfe4e629cf7e6e5aef,551ccec00ed10e67582f8a37a83a3c938bab1de6eef5be5a92c46fd7d31a4ad7
wice:test04456,test,WiCE-claim,ca8c4aa298ddaa893424289297d45587f181abce396a3a7104e5f4e606420d1c,d9c7e2efbc4aa5a947ce3b726a975bdf36a978ad808adabcfece5873bf578011
wice:test04455,test,WiCE-claim,7be2568ca44c5cb62879ab6bf6ceb13ca9ff112dce6d07114437ea021bb3dedc,03ae78be0baa2fae3e64ff0adef90c6ab2327b9fd94d8d61919842a7736f3e73
wice:test01146,test,WiCE-claim,78b808ea3d2ac9be172e0c1ebdf7a5df2f87472e01c1841bc4b3fe1d556a3e10,70845ea2f4554b126a2b18a26f64106a56960e1aae6df699af373127e0f37a84
wice:test00883,test,WiCE-claim,4d2adf2929051a3d7efa5af066867661241873cdb8e45747c334345416be77ca,93ff13191504340976ea203e44a8b958e4fb5addabba1b143bd7d683dbf3cd5a
wice:test02428,test,WiCE-claim,1b29e8f00bae9fefa251887a089a4985049a35dfde3ddb0aadff9f9592f8e7c3,78e0c29584f3878a0c57bb1eda03dc509c8df623e2c5614219ea18e9b808ed8f
wice:test00965,test,WiCE-claim,3807dd444ea39f7a80e9c7abada066d6692154f97558838b451ffe59686c10ac,51039dfc83630b460eff9579d1f2aaa845ec898e244c0d5206eb90f1645a3e33
wice:test01741,test,WiCE-claim,147066ce066faa3c5579649a2ef0bde0cac8ff779d699927e0b91f1c95128e83,490fef7ff581730ca86443b1969ce4ffaff477c12fb900f37002acb6ba5c55ef
wice:test03132,test,WiCE-claim,facd32bf406ac58f655359358654e46734dd6dbfbcdf477f4558631157baace7,247f7be82c7e63d07efb16bc1c6c9fd7c9c7b2e675f4a08d2d0c3deacf408f26
wice:test03098,test,WiCE-claim,4bb1c789138af034c460903133dc33c02498a7031dff4d5297f128fd7cac6340,2e199fa39cb5c48e4ac34bc42a682f7f687507db100199c68757debef08866b8
wice:test02288,test,WiCE-claim,7cdb027fde780a4100b87ffaba66e5a9a8e21dd7d6e737e6314d4f912fd45f63,9e81ca838de7b6c7394f52bbd1ab072cae0cc78a8b9417ad29ba211d79b40aa4
wice:test01201,test,WiCE-claim,0ef2cfa2b178c7c5243c35830714985f803c579f7fcfd44dfe20fd82ff3c3141,b467c335e661f6ba7d6d629251f1b0158205fbc1dc3c9d61824c39f1d838c865
wice:test02770,test,WiCE-claim,3f8a54e93d1275fcda896f9bcf01559f36f80b6ad6792dde17ebd2d8ec8ed09a,5e4ffb12b59e7220046aa0353356054a192defe200aca951a28c5efc0cf1cabd
wice:test03759,test,WiCE-claim,77077e6231f1fce6f28e99a978b9354a3a40a23047e1a7893a8a15ade5ff67f0,9cc0fcf1fd359fd164b1b2943d918dca9714cb7fee5b2fa6705c1b9b62065d66
wice:test03723,test,WiCE-claim,4c2ea71b29bdd5a7ce26da15022be7090ad048ecdc0d8e945e2a450bd1f699e3,2dfb6f16071c4d8a785c81710c30530a05dbd4dbc9e1e4c5a912aa35d6ae24cb
wice:test00345,test,WiCE-claim,967da67585ebbde9d58b538db26995e111afb0aa38080ef4cff68a403d73a8d5,2c05186f6fa0846fcba9d2af304cb718badec9c0dedc9055a5c137825f2bc594
wice:test03017,test,WiCE-claim,c43bf549fdf6ea079088f0558c6054772d0d7f50baf1c670d0423e72e4de0796,08e67d98bf383e2d0af1c3646839df364c8ab14ad519fbef7dec4c1a683075c0
wice:test00287,test,WiCE-claim,b558fddea094acaaeb70aea37114d0ff38f307c9b6c48ecf9a5edfb4bc5984f4,d4c72a88607dc1d3931ef7e7bcd0d52989ebfa8fb097ec425709b491cd7de2f9
wice:test03084,test,WiCE-claim,b2cc478b332a45c9fa1076cce1d38d0309f9f78062652983ed0e412d29c23759,b44a667224ce8ec6e003c9248d4cbe92f37571dd185bbb470eb631dda499c428
wice:test00901,test,WiCE-claim,9aedb691698b89aca7ca5e7c7fbfbb86559f05899188d09c0da88fe9d18901f9,bb2a54dea5d213a8027d1f237fc92c6e85364c5b72ea5369b98e6ef5e557a2be
wice:test03137,test,WiCE-claim,0ba18a3b9779524302d843bda1174ba9e7ea0d232ebf620f40c01743da854b93,75f51ab0655a545ece5771eaeb77928d956e89efd4eca827b6294953018df3fe
wice:test02292,test,WiCE-claim,f3507b01ceeabf7b68f58899b4c864ce2b194f2856096bde3c21de9fb019d3ee,a48788886da1d5ea44f5f2627e92a9693c5efd02fcaa19a91ac731ead3181a98
wice:test01760,test,WiCE-claim,cd46159a51202f36515d38757ad426f7813066c66005b1626098878fab2bb79c,ad9a7c83d82f14cdc2042eb052c5d6cdc01d349bdefb06b79d7950c8054fae21
wice:test01493,test,WiCE-claim,2a71a42beef18145895b0219c5bf0a9ce17140632c87e3501ae27709bc5095a0,dc8d3c91bf9c3b90ba5f5f51b8bbc923f91c396b56258eb37bd7ee681c1c49f3
wice:test00937,test,WiCE-claim,8b7e928058aaf1cf5f7597fdc4fe29ae0a0a55e379a1ac59196bf52c64f5b140,3a14494f887ee31d3276ed0cce88447b47cf4ebdb0cdfb68faea03ddf255dd3c
wice:test00874,test,WiCE-claim,79c7b4163b38f13e9fdfcb59b9367bfea5d4de9e1b137ff42b50d2477234dc51,6cf02143c07170dbe85287689b4df624bc7e49236258066d6cacdc1caec916fb
wice:test01697,test,WiCE-claim,05e064b9c5b4a65cdecf744cd0fb790ef1b7a21a211fe2e11a3debc5473b537d,4eb8eab1f93414e225c00cf951998684aeb5843ef3adf76f247112723c0045e2
wice:test02236,test,WiCE-claim,07a3811ad760f619bd06797ea569dcc44c165250a715a5401993351355a7f402,70b42a740207f8f234c4918f6392f9d561b689fbb5dba22621886c06109ee396
wice:test02679,test,WiCE-claim,168e0d796819360a8ff11730dc302f36fe44f4c4d289cc3629f7ea9a26b74dc5,d9affafe48b419934fc858212318ebe4ae548a64b23267de847e0207635a364b
wice:test03001,test,WiCE-claim,042c5fe683034273851daf0e81cf574c64a3ffe31a66668e06c936a82612cd93,81a9720076f4d731ba7bfe55d38ebcc41179af61313b6196afd17ff05e96bb08
wice:test03718,test,WiCE-claim,6c8faca50399e484aebe264e9c2b1264fb25e9d4baf056566156769d1c7bb5c0,40040185594f00c6b66d7f79cb8d5808a501be38a62927a1b066c0320448f72f
wice:test01035,test,WiCE-claim,b5ef7a572904fedf20ac7c8bf01a6fed392369b6fca586db9ce1f6d486755d27,3bdf724ad04af5aad0ae36b676c0c953fe01b65bea060a534c0a39f9dae941d1
wice:test02238,test,WiCE-claim,e08d741749a8a2ea9d7bce33703aaffab16085958ea4305bf30a8c4bf9043b92,85cd95c3fb85ee202e2902f0bf5e02f7e5028705520090fc8a94aa9ea57abf2a
wice:test02553,test,WiCE-claim,f635c14bf1743c85e2b5e543b189a362ecfc0528ee2ee7aa9e89dc991c040b7e,d2920f460b471b4761ddfe35aa76098249f32d5d89500d78594fc2e6349ae543
wice:test02877,test,WiCE-claim,30bd8cff845134b7bdb6cfb4515fcbfdc0b0377737bcbf046b074fc6b7dfa1f8,59941d5e2f33eb57609ceaa8c2800c614231e12afb277f71de30c63840241c8e
wice:test01426,test,WiCE-claim,8e7031f353f1802af112faa65655795a0cce76d45978180c69331e49db64a1ea,310c894ca02b95cd37bb43b6135baf421cc698ca67e4073d6d19cf7a749488d4
wice:test03777,test,WiCE-claim,d1b2bdf887fe0416c80002185960475124ce6d4f89af26dbe99e3ed77823d895,4a7791694f9564695534dfb4ca046483640b98ceb4cad561f67c408b34499af1
wice:test04002,test,WiCE-claim,042c5fe683034273851daf0e81cf574c64a3ffe31a66668e06c936a82612cd93,b69035c559dd751c27eadceed5ad516082e3314fe910d4f59e4ce3cb05f716bc
wice:test01979,test,WiCE-claim,d4d776caaba5eef3d02d5e9e395dbbcdc44255073567ae240b3a9a970010431a,298f5adb25654d95291b8d0e9bf6d5cd7cd9ffdeaaefa8ab00aec446888346be
wice:test00017,test,WiCE-claim,2febd4196d60b5ccfe82da5b7aa93a16486019ae24ed36cdc4daaba344d2f37d,471580a27d0841d3a842af3f1adbe24941b2ef79c5abb9794269190024aba573
wice:test03225,test,WiCE-claim,25ea7466adca2f2ce30629f3729812abf640c1fb5b8cba8a2aede3817bc30fa3,74cc34ccbe42a44bc5570757485f0a12aa1fce026391c4742672d5bc0979f4f9
wice:test01957,test,WiCE-claim,4d1c64c6d4e0cc369d51e399030307cb96cd51a26f012f35dc7f7c3eb49d3e47,a8c2d05beb1c70dc6b88240c130d883e0918c3d7a118cffab6df6c4a360864bc
wice:test02661,test,WiCE-claim,d6b58d844411099473d48ba6dce6de58ddc49b9b71b76f2cfc6139489d72609f,f095533ebfb3716cd2129bd000bd87699a7a38d1315a5f210c4120ff6a602512
wice:test04349,test,WiCE-claim,3db6dedfd1b22de298df58dc98e1c6363c7088be6d01e255d1d87db0c5013706,23b4c237d44cd049a8547dfa28b0bdd8ea77fb0981b1fd698e5de5978a88de07
wice:test03394,test,WiCE-claim,e0265b5249e701af4298efbbd8ae034cdb5a17f3c0b32a01339202bfe52e4a46,f82486e1e750863a19e44b7bcdb5c63230ea975e228ae436285fa300ce8ea553
wice:test03788,test,WiCE-claim,302553e54fe4676dd20a8a67eb361e978dae09fe706af20005f0cf8a6b5f5f6b,d3c23651f94af367c483d4c6fd02189012d58129def73370913b07930ed8adf6
wice:test02547,test,WiCE-claim,2f2eface00a5abf35847e45d8f69d4e61bbd2e18314b5289df1f70121e6f04b5,3c32ae54b3b0bc2d2c8432b6ea9970711f099409e93cf66df0a751be19945a1c
wice:test04279,test,WiCE-claim,349b94dd521afea16d5a5621266282a7c817174757d2e9808f75bd8d7c829aea,4d453ac749444124b7ba02b4c5c5d66814dd6c390ac7c9c4e8d5ebce170effbe
wice:test03432,test,WiCE-claim,4ea9a50bc59836fd2be730c6132421679dc086ab5496bfef2a826f5e621cc62f,0187c91c16ddfa594d7557d92956e85f1ee20dbc3383bc3e9d4bf3d67c91a3d7
wice:test02196,test,WiCE-claim,02e21846a3736e9b1021a7086cbfa49bd06105d3679c4ac6d90948b2a43dbd80,7bf10c96a40d3a883107cf2872b326d4fd27069f5de77b5808289dec4bded6ed
wice:test02213,test,WiCE-claim,ecf3eea7a24471479962d9771a69f55df6d88a5539a02586bf49331b4e995082,ebeff0c1758de479e1f8e5fad0164279219a8f3c049c800ad80783d618ed57c8
wice:test00231,test,WiCE-claim,7cdb027fde780a4100b87ffaba66e5a9a8e21dd7d6e737e6314d4f912fd45f63,b6e85c1f6d0ee4e8ccfb4c5ffa21e39f3ed66ae097a87a72a08e7f4ea3231266
wice:test01572,test,WiCE-claim,c559b830d59329499d99d58d026ccddd44341eafc4e80b5382dc6d657d8c4142,f7a723c6205f162f89a2adccfcd7902515a6fd2b87c18e6bb898055bb33af4da
wice:test03215,test,WiCE-claim,0db09ae2bd05f32b16b9161b23705e714a5eb2140459eb983376ab98117cab60,dcb06fd9e7c482d4d651c11cfe110272cc2ad5c0ba6339123331760c6db65047
wice:test01297,test,WiCE-claim,ad6c041dc1c3fff7af3eebdafea8c54ff8cfc113cf98aa9fb9a68310995a8d0a,c493633d292d731263217629a1f276a909d1948292299595267cd8ee8012d25b
wice:test04524,test,WiCE-claim,cbe5020040620f3b502b2e16a3886bd11fb673e8d79ad0b98095a070eb0bbcde,5110142d9a3b63e6ca824c03cfb6ceeb225fdc45f6e685ea52f98a06bc812cc0
wice:test03052,test,WiCE-claim,242caf80828560e7ef0defbeb5f00583f642ad6caddad3832eaf05ff0f280536,f722e3e6f85717e5fb14381ca8811dfdf83e9d458b9e91c7e76c794c0a741b5b
wice:test01608,test,WiCE-claim,7c540bf1d8192f61b9b5778d3ad8a59ea19f48bb0ce1a744349cb88e85fbe2fb,652eafa2bc50d712472d7d5a3abfcf70567c8aa6a417de0ef6eee0147c3fca6d
wice:test02149,test,WiCE-claim,85bb114060f40f02d92778a4a6e963c1fd9625899d9a506f576dbbe7e2234cd6,317d65de853ac68d86db5a32c232954e6fb07f828a1a90f7d213000f058f52cd
wice:test00228,test,WiCE-claim,623c0e10d192d370a4a03da2b721fdd2ef40dbe079f593c9c2f828a20268a41d,7d142df133be394564cb87c888f545903200670356f0d82f36f1afb365b9bede
wice:test01606,test,WiCE-claim,25a861dd5c27e03e6d37037ccb9c008a979b66c936526517211c64cd719d1c2d,99214596b8b39050599c3a4d49e0eeb33cda4a0adcb93664a63b15c15b5f9e9f
wice:test01983,test,WiCE-claim,50c11dd761e623dc925a36923fb8c3656ffa8c9ecc20280af5f30f8fe0c1a4b0,4edad35aa5944dcdfd6e057f6f81d33fb397b82de2fe01f5e461398685570836
wice:test03014,test,WiCE-claim,2d5709433d2f0677c510118c54b042e983ce711af196908ccaa71c042b10529d,2d269ebe1d04e630bc649d9c331a6c87e1d7383750e85d0c8ede87c050188616
wice:test00652,test,WiCE-claim,7b293cad506ad508e3330a2547db1e98e862e8f659d4374c7f2fd597b956134d,7720b45ffe206403cae4a8b8284d924743a669ee388d463c51a65ca30ee04bee
wice:test02040,test,WiCE-claim,35d27f008e0fdb50bf9dbaf40e1d557c4c2edb596801f52866591cf368b2c4cf,8776aaf786262ff917bb8344aef18578e304cceaf44ae47029fc4a4975556739
wice:test03321,test,WiCE-claim,69e97621e546c031c3c023acb3b875f2bf29b9ed925c0797c748eb396c83aa28,306817796406db6fd0e0232eab4ed049f8a48ad890f2eb54133c04a131dde148
wice:test01656,test,WiCE-claim,c0fab794ed2659c07d8e90173b2c3a0ce216faad85219a44a68ef3cbb532cc8e,235b5f4115a7e99636284780a664b55df7c5e96c1cb65704db914532ad41fe53
wice:test04324,test,WiCE-claim,91f08dfb3e84b21a270b0bc84143018ca3d5b487d6350dcc172fbd97f9a8d7a3,686f13d5bf25908c5edfadeca0ece44778cde05140b05f6077cf49dd550f2776
wice:test02896,test,WiCE-claim,bf203b9bb1f2952c2ea69e59eaf270821942757e4ea673f959c3dbfb83c8f6b1,a06821dbb2e3ce1a4b89dffc9c7ce348e6cf4f84c4efa0be7810d5ddddb3074d
wice:test01488,test,WiCE-claim,5c4836b6a2383f4273b30d63417ae4622c080d455d7b9848ad6c1dfcfceda2a7,f9de3600e54d4f3749d89d79babde159f4ecd5c246742697f6d6f0d2a5ef416f
wice:test00374,test,WiCE-claim,f18eca1feee8afcbaf4aa70327f7d48085ba8be7e409948d614abf31c9d85a0c,5b5946b21ff0cf249a8b5b93a4a964f2c8d7ed48030cb217ca642bd0c892eb2c
wice:test02744,test,WiCE-claim,5234cc8811de5a84100725ed24f6e2cc66e42dfe560144d5cf9943a2d0cc37b7,280b1319a3cbcf85481b35c83980d6c528c2ed7b8b9294afaf19e4ca9f3ad448
wice:test00606,test,WiCE-claim,140666b3b9db42175837cda90d461dc3d77f38ddbd58de1841588ad0b8724499,c04e318a3d1f753b88de239167e11db4cf1cc8059f081ebf6e86e2d86d2fd824
wice:test01005,test,WiCE-claim,5d548cd2fb201730bd947def9a71d4aef1f021ac9e35da0e17b37a80fd8b9c18,12fc7460fb5a76c2b49a95269848d67d4d139d41e4880a679159b0963b1bb2c6
wice:test01228,test,WiCE-claim,cd64d01cc08948e80afce9a1271d2110b082b067da3e60aec3bf0a5d0ec47622,8aaba096abe1fb90d205d29966cc23609b5dd6512f3d51dd57be81e362714784
wice:test00238,test,WiCE-claim,bede8eb138cfa1a1f8a5adb4292f0bc0327d8c095ab3e918d5612540d556ea35,74f62447fb55c61d4a814066c949a0987276877873ba528efcac642032e3c367
wice:test03377,test,WiCE-claim,becd503078aa7ea69ae924934eb77a94d5144802f4072c71414520263f8307bd,432d22daf28f2432390f16f8388b2fed9ded844340ac2b9a581659c5fb6fc292
wice:test02578,test,WiCE-claim,4ffa6bb38c6475a8912f4ca4f6881e08d5bc58b3b28ec8ae2a6525233f9a71aa,6cb11ecc92620eca4442eb6d229d04734d527e249c7b0330c07c00762bfe8a8a
wice:test02018,test,WiCE-claim,a708c17bbd6dc78489fda28d3dbfbd52e233a5f186a18e397431f22d66874ad5,ec894674fe984d189996308ba23b390d4792f95e69b2c971f11a73e10b3426a6
wice:test00931,test,WiCE-claim,dce70acdef57cfd540bf2b06ad503c1c1e90afdd88b5ae829af92df54b4aaad0,36ad9ba5a00aae22ed507cdb0719fffe127f8b1e01ddf805e8ff768e089f0d51
wice:test00188,test,WiCE-claim,6a5ed83658ef85afc77709cc16ede854ad98e3c2ad8b076e10dcbcd6e5096271,fa92e281a26b67cfd6527b9b4a5d68649c03adfd464cd8ebec96319d0278316f
wice:test00391,test,WiCE-claim,97da642f7a550f9c783423b41e54398bca8257afad97996a83d4978f8740799d,71cc49d23bd97e50797f24d0ff087a99e24d196a6609f2513ee3509721eaec29
wice:test01734,test,WiCE-claim,90b6fdf922bce3430ab817934d7469d2a658f01d78d868cabb78469b6b59ec1f,e52c6a843283cd6707e1be086bb12410f949ebbd7e15370baa430cc1ff9ce673
wice:test03636,test,WiCE-claim,7e78c8dd2f6f67a2cb97f2a4f4c326b5c23fb50b15e14d3a901fa6aa04a4f4ac,f6ccccad18cebcee269bcf41874f0d1258baeee9ad383c7735eae2623692dde5
wice:test04307,test,WiCE-claim,7cbe81cf681f4cc8eeb89d8da4b473518fdb203166129f8da0832a9a184e19cd,d9a9774182c87abbed1ed87567d7857927ce88e3c7ada113c56085d6bccf0044
wice:test03529,test,WiCE-claim,396127ff85cf8daee42185b73fc967c3876fb31560da7348ab31d0d1834e0833,059c6b11e2d80b3cd543bd60e60e68c4dd1919b8895e4bc8e5b4483f01fe45e0
wice:test03922,test,WiCE-claim,1b21fc6e2ac5c4ce22be3796bb94098f35c28a8210dc7521fcb52003d9f4916e,5ca635847d2902f2bb00fc25067b2594969aec3eacf65ab2daed1f1dde3f80e4
wice:test03779,test,WiCE-claim,11c1bd96cf0a631d5048673aebb6149e7bc955efdbf3825f0269ea9fd74cb716,f9f325ca013abf2d15353efa6a5698c846980fa01f211c5e2952cdeb8f116ed3
wice:test03756,test,WiCE-claim,9515c8f2df4d81b40796e662d03daabe12435d20a45aa599efa85014fae29e17,e7677f7f57618a0616f8bd479ed1edb005642cec86c4ee966e475e9e6b451377
wice:test01801,test,WiCE-claim,7cdb027fde780a4100b87ffaba66e5a9a8e21dd7d6e737e6314d4f912fd45f63,68500d8510e2863cb610dfe8edfad792dc34ec37270901aa17eae3e58d37bc2a
wice:test01620,test,WiCE-claim,4fd6c169875807e4415d6d359654e339976fb0cde47202906a19411ffc8fdd22,965e8d29a20e172e4c04235a672d56d07ad406bc8fe650e1a2eba6a4e3513971
wice:test02134,test,WiCE-claim,baec35fb49cd69e4c20e4f227d4229b17172056edbc3ed6edffb99641fd5ba36,69298764728eff93a0fdbf5859b01ade5c02d4929cd1c785705ca0318df0e02b
wice:test02823,test,WiCE-claim,ed0cd81d42d76bfad9731a2f9e4ff10afee277b5c9013683b76bdbc7025deba4,5764d393d9bf3b896371542508e3b3e5e76863b6700086fbd23dc3c509c1bdbf
wice:test00846,test,WiCE-claim,ba539cb3c22796a5df3d44192acc5efa2649daa7894a8304dd888f6041e78a30,3e43ee0663c2bed3fcd8a567e273bd0596c5f5dcefd9c35aaaf6ab2c742d40f9
wice:test03334,test,WiCE-claim,9bed1bc97f3ea06568e225e8675e0228ee84b91c75c693eed37a5d1e8bdf0940,74b9c4b08eac4cfa587d45e1aa2139d0cca6d45a19322c18b3eb20fb9fabf35e
wice:test04092,test,WiCE-claim,55547df87e92ee54f0d22648f4cbb829c3c69a9cb89560794c2481fa8b18fa64,652a7120d79aa47af3ccb0118b860b013e91fab673da06770dfbee190e2e838f
wice:test00777,test,WiCE-claim,930a692e34505ae91e2dc154ed5687f3ba721b493a8e9fa1eb2b7d52b30128d7,5dab8d891f216e40a3d27335f6e18376084a6da8ae323392ff1bb84a869c25b2
wice:test03722,test,WiCE-claim,e0d88a396816c5f9ecef3b74f6ec274565a5b77cc23258168a4ed4d34e0a7b70,21bcb82cc86daac424fdf96172ae8e1fdd92906d21a046187d45b3734ccc97d8
wice:test01938,test,WiCE-claim,67555308e1362e9db9fcd3a6a81c905abfda98f9145807f7000c9c7098902617,74f8b5ea6c794b9ed05339b9bcc3095f7363004d636a7766537a440a0d1bd6fc
wice:test02879,test,WiCE-claim,617af72b56394e478fe9e3e2555611ae0e9628c35fa267c85e286e0e0164e37d,b38427b638550810d75ca07d9b10d4143f946c172076f834f091211b507806ee
wice:test03497,test,WiCE-claim,342f4e368492df83bc7dbdebbef885d641ee22fd0ee482cc18f45cebec8dbc9c,90e751d209bdca29decd17ff1d5f28259eb9a3f3e3f441afe14e7ad6d792a1f3
wice:test03535,test,WiCE-claim,da96d3c833f8ab9b0c3ef3ccfc1e2f5036a55c36364ce939e698988b57f00c28,7c30671c3b304363b2c1b706d3045dfe84d76b7bde903725a4e49373e33af59e
wice:test00585,test,WiCE-claim,74aab7ec41eb6c0cd268c5ac71dfc379a55c5302454215a01cca327671ff5afd,b444af548c79310fb345d4bd61498af926e6ee72e09081c247e82ed07067c0f4
wice:test02497,test,WiCE-claim,9753208ca11628e15a151925cc3dbddae28cf8d6d4cb801d78d231ec5fd12238,a2f5075bb81d4bd0a32a8569b762226778ced8b6f05a955ec17454f8b704bab3
wice:test03300,test,WiCE-claim,a47cb4967170c9ed80e1ac0c66df3f8f8e091ac2b484d53d6a0479b1b1c4efe8,7828657a49ce255b18057875907fa12747ff369a9340b2cc77bb0857b4c5cf00
wice:test00772,test,WiCE-claim,1040a3932a2ce32f13bfb670e4bfd3a8525fabf1d47af92e8f2e841771652fed,374604adf96083e58e85011fb5d7b17b51c2cf106bc16610ed9eff540c4e6aa4
wice:test01447,test,WiCE-claim,54cf71a7914a9f33ad40121d10a67a6252cac778caa3d8f98ccd9a835335a19e,46d890265094705fe8409f3d990aca4a263c5c83f0be99d0872272b13ccd1a5e
wice:test02682,test,WiCE-claim,080c37f2a5431efdfe29be7f6178534118c16512db609430234c0d1d086d9f52,043019b31ff2811a2dc6041f43d4e43d0d54b3e9380a38eebd37469a9a1253c8
wice:test00056,test,WiCE-claim,4cc1d6e9f8574bb528cdd79cae8787905a88a115135a173257caa65f51f12104,d85ac19f68b0d029bead252abc58d9946f78555d168a7a5b9c47a206ed515880
wice:test03102,test,WiCE-claim,88f28745677e32fd34d20bbcfbaea1580820dea389e4eae0b3a262f8a92b36be,1978cdc5fcbc6726687dc36cf100123c4c4a6adf4e669fb6b9ffaf7f7c05226e
wice:test01749,test,WiCE-claim,042c5fe683034273851daf0e81cf574c64a3ffe31a66668e06c936a82612cd93,397f497d6d12814d5734d218e78ba382da5ff7b65bb1ea3403cc4673b828c57e
wice:test03564,test,WiCE-claim,c452da0abbc126fe325431644531f3a4312c32c73eb68b9afb8ca234f68a228c,a9d4824a6e3976a38580ac8c4c549ccd12aa5273c694b0ce83baed7952f1e9c1
wice:test02467,test,WiCE-claim,772f530a678ebc70d4b55514dd313aa00c222db955badc019ddf507583dd886e,6dbae2c31b3e410b5b6b759420159ad8dc306a978f80245761126284e0d51647
wice:test00515,test,WiCE-claim,29e78d6d8e61725015cce8b2ffe5814d0980297facf30c364b61df29616d466b,2ebb5ee4512b2ee8764d28b5e61b4f867be9afae2c4190614d4500ef5b4d9329
wice:test04149,test,WiCE-claim,4e4a3eb4a213c5bfba43bf4a37e6deb8c20197769d47932e7cc7929e7e09b6a7,8deac67621bcb254212ec7ab499d4687d3a3675c4887b4312075682c5c8304b1
wice:test03611,test,WiCE-claim,d205df163fe9afd0ae986cab7e8f53dbc33cdc396266f764e286b1c648c6e4f7,302110b07508661a49d50ad5624259b6d85b8a1d0cfee2f19ce4341bea7bb6a9
wice:test03850,test,WiCE-claim,e3a2bc405c5fe2b2b93d59dcc517574919a9188275f578a0d8cbca26965be89e,681b731a72987c94a9b02df8a2e7d77a4b56dd72058f27bfae68d4bc6048ff27
wice:test02139,test,WiCE-claim,9699b08742bc9164ce6a6641993374de30ed401073e5509e615b0264f653e06d,44448b3c099bd72fc06ad46386556dd616a85ade0be65e2ae53e9e349c6a6ca1
wice:test02281,test,WiCE-claim,1cb77b9f9753395a2585584a7477d2c93923383644a9cacc71a3315890b4ab82,3306d216df89cf322db5e65c103cd402077c23edba4a6a8d722c1611799c2adf
wice:test03396,test,WiCE-claim,874df8ed2c0bc9e199b37f026134921161fa2caa5a7f330ef92ae95afb7585b1,9df7adf455ff232de5e1b6223ecfaf34ac7ea7e6eae0a7a2a7a282b730ad0637
wice:test00350,test,WiCE-claim,2d6f0b4e194043fffc48bd4512bed28e6e4b8ed651407a2aa5428bb6d6a4eac6,84c64529225567a8cd5405d1bd2db56b698345ab94df610e82b97ce22e337498
wice:test00580,test,WiCE-claim,92a9d4d527da427ba5c76424fee445ca3960e0b21d5c224e49b5d1158dd55237,4a2dfc8068c4e774f57dcda00220d2a2bff9191e7a5f6fee72df1a7ee23034bf
wice:test02815,test,WiCE-claim,7b159e91aa32a68ede4c146b74ac3d19b80a6b68ed5f7b6a5d4babf4803f1e06,23934709e29038af6928bde745cd702a893c59a7b190dfcd4edc3def9b82dabd
wice:test00060,test,WiCE-claim,47e3dda2828d08085f5f627021b64e572d0ab5d9205ac61ae03792ffe5c2345f,21ddef82bbf53fba9550c3e59f5f7014bbaa4001f9a53e92f8bf5653cc9e0dd0
wice:test00106,test,WiCE-claim,e3025b7dbf82b289bf20bcedc9e3a4702db10ed267f3374f4eee473fdd9620cb,ccdb4439578fedd618b251b73e8400074c06711995df6ffcd6800f46b26ac392
wice:test03584,test,WiCE-claim,2bb2d81b71fd6d6726fb9fd0889684a9d647e64a219381304e96435fa96923da,3269a3765025e3c790044459dbb63eae6b138b8f30278ea8426be911e0b25eea
wice:test03587,test,WiCE-claim,6f5d0193d4dd38f62d201bd665adcea176a2efb0113e5806b59f6d69e64460fe,4cd1c6bb4b1741a43968bfad4491dd1fada639b940db9723140d3ff40cb9c375
wice:test01842,test,WiCE-claim,2677348ba685e2127e5381f69c9c8f09f3836f8e2deacf7a07589a9aa53ae729,c06cfad236aab028dd7a924df98e6d957acd6ce3ee53c978e1f5ed1a67750b76
wice:test03629,test,WiCE-claim,4831aa6be2fb4e9421b868530e7a77900c19bfb168c9d555519bda6e962b39d3,cd26ade91175c8123cb9dcee72a782b5af2b81d22e065acbaadf4157cfe0952b
wice:test02405,test,WiCE-claim,df9067fb67d9e2223cd9b554eb743bcd174ef2f7788aa316d02d852d65ff6e82,77fbe0fae0a28e55749628ff59542bc0a53a71c52c85816417aff4f17032b17b
wice:test04098,test,WiCE-claim,d1f6a062ea50bbc406dd2b1c6a07827d368ad77ccb79dda5deb20613f3da90a4,84b4a3ee8ff96b9616bdb58ff19743da8641fbe6dfc78e267d872670484094d4
wice:test04229,test,WiCE-claim,bd401abe981cf402b925a1910d708d86ce3d96cb1c03a2539c44a9f6383cc2c0,0aec9a84ba233ab5fb83415dfc326b20f66f9f71ac77437b573cee516b06f0ce
wice:test01985,test,WiCE-claim,3cd37ddc717b2f839057801bfd97af1dcee9abd1f4d21fdfaca6c09c6f9076f3,62b2d99baf9ecbceaa85c75174a63e125e4e49531a5d8c8919b116b455ab9889
wice:test00342,test,WiCE-claim,4bc7134ea8c3cd0ecdb0ec50be5ee48b7ef706c7e42bfc6bbe480e6612187afc,7bab82ae723e55d0569962dfa884371bb0783feca696b66125f56e0b9b790d91
wice:test01756,test,WiCE-claim,161f3fcfc10ccaccefaabf90a19e46f01d847bbfc874af3a79dd7514b8a8a3cf,31d04444403bb9a05d0b3e5855100d16e16cedda39754a217c6df77f285d06df
wice:test04331,test,WiCE-claim,56827b4199909b01b7522b789595a72c8e5fde04a13f6de5aac626f5a784d141,e57bf2aa84969759d5e0c11b7ef6815d590b0fdad7e42259ca5f027798c662d6
wice:test03043,test,WiCE-claim,32978aff6db1e94300c2c5d584ab5b5fed31f445f659634d5bbb4e0df2c02d0b,a3f06ebe083eb0fef1e9d1a410c50070e7f00ec881dcc029b0e80091dea0bd7e
wice:test01037,test,WiCE-claim,c0fab794ed2659c07d8e90173b2c3a0ce216faad85219a44a68ef3cbb532cc8e,a65be9dbc2d525431285473fbb0e0e95fbec373dccb1a1343bfe5ca03bc7e356
wice:test00441,test,WiCE-claim,90031632ca1ad324f46bfd49fade8e9c07de7558a911835bb3fdcdd2f7a8d929,0f0c14bf6a59f034b1c3b235f2197a2060e9a0506bfd360fb5d290d515b57c64
wice:test03681,test,WiCE-claim,5e8a670f30547a2b363dd3d12f7ece1ada5e761f5533dee46422a89f3e6f4417,62a0ff108da1caa02f89721836ffbeac7b715ad964f0ce41b03c07cb1225b6b5
wice:test00010,test,WiCE-claim,8b7e928058aaf1cf5f7597fdc4fe29ae0a0a55e379a1ac59196bf52c64f5b140,a7b1acf996c6d1246fee540e8983f0285092862a4d065c5352f9c286a8052346
wice:test01701,test,WiCE-claim,7364bc9534dcb169667cd2c767babdfc7d178e68084979086189ade5f77f4ed5,10120cb4a73f4a6666f2fe58ff00c4d59964f35246d9cbe71ad32f9c0935c519
wice:test02729,test,WiCE-claim,6669569aa53575eb3afa6a7d7ffdf4bf1e9d28f161375cd3ef5f140c7c308687,f6512c60ff44bc3268089a7be414ca62ff0123b72534be8f150796bbde8f588f
wice:test04405,test,WiCE-claim,02f70a80e34195263c8ee4abf7fe2c304bee9765596efa710fe537840337649d,255070637afd31069d16f87df39991ee4f56f8e01f77a281f233b46a667bc5bc
wice:test03237,test,WiCE-claim,ea74aa4cfcfb3df25baa721811e5c2bbd7ffa77f6e2ff45b1e5d71aa4ac12b64,b0e8ba6eca3c25c51692744e49a7659324a3704998f3b8222a90601d7566ee0d
wice:test01047,test,WiCE-claim,3f8a54e93d1275fcda896f9bcf01559f36f80b6ad6792dde17ebd2d8ec8ed09a,d1949907e5c003d8701f6f9ec9ba787e6a6aa1d4d6621bf3440150064d38364b
wice:test02640,test,WiCE-claim,82e8f05833e53f20419245e8043e4846d4903fa0629612b9f47b8bdc8cd94c27,ad4ca9f976d50f1ec90735937ce149cc9b51ed547c8de684768c8e22c86183c3
wice:test01467,test,WiCE-claim,178050e77219f7b42c8dc9092f2675ed0d08ddd7ddc050055026f1761f5c2e91,6a5eac09f00d17ac2c7639401bf528433742cfe64102d3c098f68bce8d6e6b3a
wice:test04144,test,WiCE-claim,f2d3a86d6047968bfd50e29a8fc2623f7a439a05843bb3ff500f5bc854aadd95,6b52de94b35429f20acd066388098ad92ab00a598d9ccbbfcd2dc6882b1a7ba1
wice:test04225,test,WiCE-claim,2a71a42beef18145895b0219c5bf0a9ce17140632c87e3501ae27709bc5095a0,a2c45f6555854da0bb95214159e08118059e211a32cb82139b1d3b52d3848158
wice:test02854,test,WiCE-claim,dc346a4413feff2b337cc2e106cfb6262caa100baf05507c98659bbd0818bc42,1aaa79a5f101883d5069531580c14030294f230d96bd82f9e1e778dba4c6ee02
wice:test00185,test,WiCE-claim,2395bb9b1144ed7f03dbdeb821b8a7ed56ae57aaac3fd7b359de41c0683fa93c,164bb4f4def64f8a4df57e8d6cdcada1c9a4876f12b6ff093a0d6e58404a6a2a
wice:test00057,test,WiCE-claim,62dbc4b7bb07313a2c8819a9501c0124b9103dc712ca135a035f8dc34537d90e,30b59a1bdb50bf51d9300028de0597335f8b869faf99877373ed0b97a6880b4a
wice:test04273,test,WiCE-claim,cd75effd8699027be50c6cd17ef9c44f91edb80048d198d5cd1ea1c31c515dc4,853da57f9c376a2728956fa5f9b5b5fc88d01a4251e279651c5f9e28bdc9ecfa
wice:test00308,test,WiCE-claim,ca08824618ca4ddc807cb47872b626150a4d6ffaa6e4dba8f978ceb7fc63cd9f,cb0b34840a66cf4964436b1fce32fc87302fde83657d76b62eba128b6074bf16
wice:test03168,test,WiCE-claim,fc7c43451791f85485674213932dbe97fa02f9d4b7a460f597fa3fe306265660,a6dfa35be31a6b2e93123c8d280ff702f79af1e8e5637e5ba21f7bb65559df23
wice:test03568,test,WiCE-claim,3f5423290ea3df235190162ef55577d337832fa6f6842635d5308dc6116d9141,dae4b54284472ace53efed5522fdbec3af39b1a51b82299a19b7527fcd9e578d
wice:test01537,test,WiCE-claim,18b098f7156a195a9a037d1e2587fe5e4ea4783f3b696f32c89c19fb081fa030,4e22d641a7a724a29a03d836ff5dbff993bc69c770d60aef34f3b1f7ead3d9cd
wice:test00373,test,WiCE-claim,ca1a99ff15ea630ff0c4835f2c33e9ed154a8b125112850dd997fd88a92647c1,47b0e40a81fc492388bce4b46157f7e1e71247e479225db17cb1453c3e1535bf
wice:test00784,test,WiCE-claim,13994bed8f288d0e3652d3cf6246ad3541b926cc452ac652ea5e5dede74c6d17,c6a53a675b7eb73424aa4137d1aa1f3bb5b9081a9ae5a0c236267d4b9b70cb2c
wice:test03288,test,WiCE-claim,4342a1066f9d1ff28a4dd0e7b591b7abeaed973f7cf8efa18375b879341698e0,ceccf5ca8ed129057cbb0e084520984032ada6a4201d23d103edd5fc83bc2b9f
wice:test00732,test,WiCE-claim,9491ab2669465b21b11080b91682c818aeee46bb5fae6e706394c48d89b71aea,869adda73f63932fb30e400b6e694c2dab5da9bee50d84b169430a355cca5fbb
wice:test03232,test,WiCE-claim,55e6d15264c2fc43cba79adbc66a18b3356d152f10feee379c97d70d91caabba,7fd451a8da4d13ee9b171d0ac2f0f88b0f060df90fa5741b6f07b584ed900adf
wice:test00276,test,WiCE-claim,3bec95f29b4c020197a35a446c64116c190932ee4bb326ea63a6de5493a6aae1,f15b1fe676b30fa5c534bf1ef3dfad43b0105e41af0d1eede1a683cdaffa60ab
wice:test03989,test,WiCE-claim,35246a74b9fe0be73f69c93130b48b0cc7531552e36b02bf40a29c3bc2a36ec4,6f4885abf6bc81e0a47b129824546f5771bbdcd80fcd65d165469b74bf868c48
wice:test01296,test,WiCE-claim,d41a88f3dc1edad970da244867bfec5415f8f5bb7b7cd15647ea8204d28ccfdf,26c322d72c7e2dab29ac9bca48bcbb497dfa2d4d27d4709ef54010d2d5d6e115
wice:test00837,test,WiCE-claim,2ffa026581b365c92e2bbb212e6eead75afcf15197f29e05f58b1376ea78da4a,67fd7e46b2ead21a99d0717c6f9bf14e1a1cc0271951604bf65b6536ec7fb42a
wice:test01299,test,WiCE-claim,1b0c7c0c180a4e1d1dbcf331f02138388d2d55f3306dbcf509ca7de485202d97,686b535fe5c5991b74871afb26d1a7d73a2e45f2c1327be9c738aa0b6e8c3726
wice:test02272,test,WiCE-claim,7ab5775182359ac0d6a322940884e6740a6ada6953fbb93ed0a36cf211923772,e125a98dfaf5239ed926c2ecf1c114d8ace6068a138674fdf3f1f133ddfde6ae
wice:test02672,test,WiCE-claim,c0fab794ed2659c07d8e90173b2c3a0ce216faad85219a44a68ef3cbb532cc8e,a5ad98a663f2aac094e59f375560bf30f4ec2d896a320e345882f38c1f77aa11
wice:test01643,test,WiCE-claim,2b965f489ef764b91f375a80082185a7a8714c229cf0ffa727220825d5cba248,5beecbb49d0d577e7371ef3d948e7f872a79b61af4f1634eced262421954f180
wice:test02423,test,WiCE-claim,a13a7ec383bbe9824e60d31bce034e47591033dde985bb29027034a7e354086c,cf1b44dcd270dcde67c7c5c2db34ed37562d8f11348d46eefa36630d6039b351
wice:test00258,test,WiCE-claim,9753208ca11628e15a151925cc3dbddae28cf8d6d4cb801d78d231ec5fd12238,7e460750b5f63e5d8fa82b16d463050121692b64c31a0555fda91de240cf3a11
wice:test01759,test,WiCE-claim,3509da2781180eb6a4d35201c905c0a2c8aaebc62705d110fcf85f5aa162d79b,85dfba93163f04d2b8e185834bdc9913f88e359be3c24deb706b7eacc494877e
wice:test00820,test,WiCE-claim,106607e86d74401c0205c39d6e4ec710538a028ec83d71beef59210c618e58af,3222eb55b03ffcafd7fdcf8f4479f27688ac4fa6c625cf339130b5851ff66811
wice:test01702,test,WiCE-claim,042c5fe683034273851daf0e81cf574c64a3ffe31a66668e06c936a82612cd93,3d8cc0861d436539ced475f84dec26fe19f85d0c69ff7a154646a0218df011df
wice:test00265,test,WiCE-claim,30c3d457a3242fcacc76722d392562dabf43a6aad499ef78f8422ad6ad1266e7,98d4019b867136f9ebc5c580b5f985530f7a199bcd2916f7d8d5b6b87a7766a8
wice:test02220,test,WiCE-claim,23de99d03fbb7cdb1b45c71b4477b34f05ca267d20520d313c3c97f88bc6cdac,9dae9698d5a59f15336c37a7e6b55f1e5d979cdb7df128b96280e8b601506043
wice:test01413,test,WiCE-claim,fd7d9a18175354aa6bf72a9ccab68728d45a7fee1b41fac579d34b86614352ef,c8d1878697461481fe71c994917c6bdab6a20b7bcfd60b5375f1ca25695421c9
wice:test01486,test,WiCE-claim,38a52075f8d01694af4e21f91b7d651f9639633f8d59afffec79a7f4b4388d53,560a1fc78be5bf07e30dfd3fc9a83b20539e1f5d7aad739c1a713fe6161f4a40
wice:test00223,test,WiCE-claim,9af9803f7bdc00cf59dba2b9d5c73121bd44273f3e2d10279d66b881097a44e9,bd756f37bac474f0550a263687fcb93f389644916e8f4f2baa7d00c5e836e7c5
wice:test01678,test,WiCE-claim,a5d0dd92108bc55cadfaf56e36a60a7121b059d9e0d09c2d24d853e9d1d14ea7,16b61e4ac2fbec2d3749f86db1188c53ee4b58556745d27e9a7879d2c95859ac
wice:test02543,test,WiCE-claim,70d2b81be51d39c72fcd91708cd62a3cd71612154d20390e11cf029c7fce0a51,837fece2db2cc250fd549ce9687123a5f7da130b35a2e14af62c6ad5e47d2307
wice:test03456,test,WiCE-claim,b371d0b99c7d8b0d03258943ae2b9487e7159f159504eaed04158a10a68b065f,92d97dece5e1b5546a4a1b6d4045e01143bec85481a11e3a9d1f00ee69253040
wice:test00164,test,WiCE-claim,35b654e6ae2623d10a9a22d5b61bfc43c040c95e31554861174f4cef577dccfc,f88c33ef7488d3156ca4c1926651cd0e67aba891dfef48b6d84b431a7840dfbe
wice:test00224,test,WiCE-claim,d41a88f3dc1edad970da244867bfec5415f8f5bb7b7cd15647ea8204d28ccfdf,56f949083d3402211a42f789c0e1535ce87ca11d801e0670c3497177629e5ae8
wice:test01679,test,WiCE-claim,0c00680d66ad4c85cefb49083cbe6f2e48251ea3236d4f4a182b3673fd712e41,9ba2df5044d6a6bbf1433d09c48f0efcca6c5652eff5bd9add9f66217f972c67
wice:test01645,test,WiCE-claim,c59ded5c9118cdbf08ee6decadc061dfcacf145696e2d674115cbf67e96b0c68,8c034db6be47a0bdad4b8879c4f270eb6ce3851c220206a52fa761cd7dda4ba1
wice:test01459,test,WiCE-claim,2f2eface00a5abf35847e45d8f69d4e61bbd2e18314b5289df1f70121e6f04b5,99884b831c9b2f802ba69493a919c2ae6109fc14c177f51e4a922da429b2fb9f
wice:test00329,test,WiCE-claim,3172a904d2ffd026ecf2402cdcb9a240800be1dbb3cc85965cd132aa9904e9ba,8a7ed5a27d13afe0f86f47dcca2d7210a74b80b6a9a92e1eaa3f6ebe06188995
wice:test01288,test,WiCE-claim,89a7f50f2eee213e59ddc2e63b113b9dffa5ae943623b888d2267fb9059c86cd,c92d00a4a5fa8b0b3d28dc054b81985eedd8c9cdc914ed74d66e39b185731728
wice:test02207,test,WiCE-claim,0a118f19eda1a058bef3c726a02a2a84dc48c3be834ec9cc9d937e7d0e139597,4a2942d89311558d8e2a8913a756c02e6155e1026a342962f754d0320a527950
wice:test01176,test,WiCE-claim,c3baf905b9224bb08346dc10a9528a3331d6537df96bfc1cfd1c8cfb93a0d2ff,c7b05c595732336683ea116a8844c832b19162854438263085fd9dd55767efd8
wice:test03648,test,WiCE-claim,f7ef39b3ba2b8ba068711da471c4f691b6dfe3929da5db92033dd03af2718111,b2d7edf275981c5fb922f51b2aaafd304ed63233e43c77a60c3306d645776b92
wice:test02730,test,WiCE-claim,bef133b08677fc3c138449799b4ad313f19072460f152943d6d0e0de643ec914,088251690df5493ca59cfe3ec08c8a0c513b3d075488d7a6efcd97942016bf1b
wice:test01374,test,WiCE-claim,0193d1870ea518aabd8722defba1aa792220dea9a0f64106261d583ba611f112,38e797103ce73a50524307280e87bb8367d359a154de57436f267e2e9772fee3
wice:test00454,test,WiCE-claim,741ed8ce3ad4219885e07e0af4b275f0ad0481837239a5495675e43a02655775,4dfca40bac19d8b6445cca94dc2707a019381fccde1ff211b785870b727617b3
wice:test02789,test,WiCE-claim,bd1021529e6423b9dde486f3922026158dd59822159aba40468e040cfa3b0978,87ef31e7d4322326ced1f94b63bf2117b816cce68e551dff451f7454be70cde1
wice:test01371,test,WiCE-claim,9af9803f7bdc00cf59dba2b9d5c73121bd44273f3e2d10279d66b881097a44e9,e9495bb1504111010ff1fcacd70d32422e509be06e619bbcc403fe993196518d
wice:test00615,test,WiCE-claim,a349c2fdece7abbaeb1e54ac9f98d18fc3a5e76dd7c3e73fd86f56cca27c56d1,5e3be8efc5f793f962386f68c73f0d89e22dda895d61a0472c7ea91a4dfe19c1
wice:test03050,test,WiCE-claim,4ed54d2a84358f2a1a86e0633c48565e769e40f0e529c7af609b55e9297d2d89,d57fd07f7bd5154fc5972ab31c92e6a9c57784a1004ea9c380eba927da9fe1ee
wice:test03107,test,WiCE-claim,c1a4220c1edd764b0a356d50bc92c364331e45491f3d457e1be84f13b223dda2,5f45827e0edda80fa12a0ed241c04bc58a862f021c343b77ecb8e689ffc10286
wice:test02052,test,WiCE-claim,6aa9b15e7d967ff657569307ace5bca9dc9c687fb85fc32f09c70e1ff01af325,767881e79d2eb1984cdd4105266f646debcf5acb3a3871f588a4d1c5a53809cc
wice:test00156,test,WiCE-claim,6dfda110fee3e21e00128c6a7f12d8174625df6082e8f31cde582ee4079d0764,a30ebdfecd2918568e791fd1edab6196da877daff19a6b922dbb2e7f72f73b3f
wice:test01052,test,WiCE-claim,3360ee11c819f7eca45272a2a47b09f8cad86cad38e3b7556e9579e9a4f9feac,463e61ad3ee392ca3da046a3851622e4790deb0a382b0f46ae902d2fbe2ab5f9
wice:test00601,test,WiCE-claim,9ea18f047bc473d01bb4d24382a02908c406d594cb41598552c40b6be9395208,5773f2409190975fea48b7d57c8d87e75aa5991914a7b5e72fb6fae7d2c335bc
wice:test01846,test,WiCE-claim,ac7ce29380f395dc0737ef539ee88e7999c8218bc2a78547ae246f8ac463a8cb,fdd9ce00ffa8e51444b0915227c28c16b9268706a83844b9061e5a42931efbd0
wice:test00690,test,WiCE-claim,7e4f86b642aa2633e6516f64d223649998e952459ba13268c581a3eed1d59a9a,dd5855d556c0ab06946d27913cd47d866d45fc670d26c0eaf6384b5cd2b5e418
wice:test03887,test,WiCE-claim,2f2eface00a5abf35847e45d8f69d4e61bbd2e18314b5289df1f70121e6f04b5,dbf130ca35121dc632d69eeac5d7574df5f88e5293de46171baa7f6af8c2013b
wice:test02351,test,WiCE-claim,28e464b456edab7b9b09c7b1d41f19aca9be8e7c310c69badcfabf78af4d4dd1,4a70c188b5c88bc4324efbc5132d014b68231344a040a56b01d3fae6537fa6fc
wice:test03613,test,WiCE-claim,d6ce6a6e2153ab1499abb71c6ff6463dbbe0c4e5c31b08f71d51763cc51ff046,da07e7bf7b42334418b0cf109538bd683752898ba881ed4caa0e39c658eb5173
wice:test04541,test,WiCE-claim,337e123037ac7224f507b58b411e949a357d55c4697f311a5b0bdb5abe81e209,924b51338eeecf4c63a4bd390c33a8835f53c038ab13bf759738da25e7dcfbcc
wice:test01191,test,WiCE-claim,97a56d7411bff05d83a7e021ca1f5aeb3f51ffc094fccf75f5af546a97489c66,dfbd09bbf61521d4cb1ea8a39f15ea249de2d093b24d2ee4897fabdba33ef3a3
wice:test00733,test,WiCE-claim,2690ec1771d5fa43c0e596bde15ef0ca871831eadf56c5305d6f42a03c4fd4ab,36cd0174701a9eb89e751cee0aa926dbb10c5000dd4d680b8fdd73dc626a8816
wice:test04131,test,WiCE-claim,75a49b0bbe8251b1c2c8fe2e8084e79a2fa015bdc37f042b541c519e8485fb43,9b8eaa60125ed18094d38316bcb29143d46144027b13334d6f4b385dfe1dfaf6
wice:test02480,test,WiCE-claim,29b415ce3bd43e3e6c2c5211d247d71680fe778e88c483e089d288abbf2a6bc8,ec8aaf8e0a1b2b46916f792e2b3844f5abb129cfdaf067673ff027586b0cb506
wice:test03553,test,WiCE-claim,876979f85079afd5f59f4482d3dee26de1e9d2902d937eb9efc00ff72c41b149,e05675c678fa3c9e4d97a0d8da84bce273d0666805ac3d81b8422cf53a74a544
wice:test04216,test,WiCE-claim,c1badc242de8b8ad99d8bfb6b2989c5687c6baf197bb2d21d8b9f0ac42d6c2af,ca03103df554e254795f00acb9d50c0be50d7f0be415a9e3ad9beb037f7894b7
wice:test02264,test,WiCE-claim,8f6e486d822a3127f818a614f5bb49e7b033910d1f7cc991c1057c5cf023ee5b,1d3615ad7cf232ea41566ad07c43d43f0c356d808065cf329b6cb4d458abe5f6
wice:test01181,test,WiCE-claim,c575d5fad84d95a1f4f9990c1825c0207b0ac2136e4bc96af459883b968b6a93,ed746e3dc94699f07d4b091f358b53d7854ba8eece27766d0db9d2de49a59cc4
wice:test01375,test,WiCE-claim,b49f0ef18afbfe3210482005cd6046de7e2510feb787e617952f87f66ab3248f,efb15f3d70862d8c184c505ea6bd1b61f4dfcdcc94c17d7a1b8c7989f7175214
wice:test00747,test,WiCE-claim,ced04df9776c7f4f0a81ac375c2c05c93d0888f63652de1c9631c96abce88490,6d31b28c658ee620b268461d33df96f2cbe96208b71e6626c1798ccb4a5e327e
wice:test03549,test,WiCE-claim,09cf35ab2dcd6c061bcccf7a6c2289f4fac12e342a6fdd30e757352fdd4203d9,1c5dbd6bc54e301b9e96cd8fe9d1e4a981f43ec198c87ca0bbf1d3b4778f3f84
wice:test03983,test,WiCE-claim,c1650f4b4d4dcb8d47ddc8d27a0dc85d099c5f62d4a977329b77f96202de536c,d6b7dd756e2ecdb25b31a9cee7cd51b89fc8a87245cf87096dd97ed3b9581b95
wice:test04426,test,WiCE-claim,61d511562bd45fe112a3b3a26d06a5299179c6c1fc9d89118a8eb83e0c64b127,d5cd9baecf761ed4ee89287a4d16d54c406231969cedab910d178a5a612e560c
wice:test02996,test,WiCE-claim,5cd2a6a12eef61e863385808ce1d968c96957b657417250fa7a0117491898f82,e89c9342267c15d5f34dee540b7bef05bc9f447c1432c1873f98f073d7f93e19
wice:test04409,test,WiCE-claim,397d38a6aa52965a31f9a95d10925380a13542098e7c6947bc208bf38ee13f79,383ed9377e995e3251bc7c77ac8732f2a9f9606f48ff70f13291f992620d8c53
wice:test02917,test,WiCE-claim,31e653f7c3b318b3d58d0f700e7a24d2afb840013d9c48f6861fdf6cc36f88db,d365f8fbf0723bf4056be1427893bd10cdb2e29a5d5da25f76b2c7585aa9be62
wice:test02958,test,WiCE-claim,cfadec1f8d3cf02c0987211214902caf70861c64048dad352299727b87b6a380,9961677b192dc12b1510c573966f6df0a9e5ce85e9239c357e5392eaaad69f23
wice:test03752,test,WiCE-claim,e3e878d71a7562cacd306c25cf3918f1d36f49255bc1a4eb6dbb55992de5a7e0,650116b82c581779f09d86175b6f7989a3a0c4afae92d19ac8e7f3eb31eb4e2e
wice:test02743,test,WiCE-claim,68f5a5c7dcda4778abc8fa7451d858fbc5ebac6e2c0a2cb42eca59f529deb5e8,37a93466c211f696a7038366dd08be750b34cf488086904b9f920534bc63ad60
wice:test03774,test,WiCE-claim,d47d9fb154d414c628a1e7fb022db2d2a9e1d95edea2eca86ddc3adb5a93dbd7,3c773bf86df066e4707eb283ba9188542c23c07c649b0b3ca2fb0eab9a4ddece
wice:test03960,test,WiCE-claim,018e0308a5b8e1d886d27b8dea10c9e6bc85307da7163d3a1f415db2674eeef9,509b7dbb296f39a05d1eafc171097a5dce4c2202b46c133e6e489584df5013ae
wice:test01913,test,WiCE-claim,a2ac58a701466c4c474d00c1b33950c782cdc97710c3021bd52d31a37dff99e9,416d1324488b0824ecbbe563ae84cf89994e4e252456397089a5e060ab14ad93
wice:test00655,test,WiCE-claim,9bafbca6a2cdcf5e0e56ab7e96030ea4e464edf65bca0f53de5a92004d4f39ca,2cfef5a0132ab3c3e33d343d9a9cba8e88d3055039c4331213bf56c025fbed0a
wice:test02374,test,WiCE-claim,5377e2cbb609d511e45cc46115c5609dbf0f345478390736cda43298cee5b19d,d33bee29286980fea2686775340f8755a25f9acf922236a1aad3f8cca850ebd7
wice:test02891,test,WiCE-claim,7560bef4daa5e910b52a62c0b944324633c343114d68abff415bf55741de2821,1c5e52da80b2a864bf9731c1274529fcb42561e36e122b51a7f8078c5500b350
wice:test02269,test,WiCE-claim,74509d8ef1bfafc89b45681f8e38ca4bf13f7a76b98022e523f0f258558687c5,2de7a19c246c825be0b7fe71fceb42017539a3a4212e2b68862d55a88af66f1a
wice:test02790,test,WiCE-claim,d41a88f3dc1edad970da244867bfec5415f8f5bb7b7cd15647ea8204d28ccfdf,b6de2392411d7120f1b8c77b87be791106cbb81b9ee0aa8a7ae214cd5f1eb321
wice:test01306,test,WiCE-claim,a265f2b542b50b1d89c0ff56a178259322bb193476441acd9c0cc77219691a99,c78d63fa90b4ae688b9726e66b3b5465bc074f7d3fe42e44f7704f81fb1720c6
wice:test02836,test,WiCE-claim,3c23199a1c031589c5575fb3fd9fca6d2179d90b9131159b971f5b3e976920d9,a62552c1e3a1c2e5e93103cf5d3d9c2c94b138a8ab028fe208e1272c5517212b
wice:test02918,test,WiCE-claim,7cbe81cf681f4cc8eeb89d8da4b473518fdb203166129f8da0832a9a184e19cd,4fe49ec2d0a1b092780126d8994249761a6b65b0e947ae6ca3896210e947b3aa
wice:test03214,test,WiCE-claim,4e3248851ab9f4ad85223f4fe8ba58a4445730d24f4f1b61ff90c1f7d2a4e221,5e034918d95f4ac4dc823873be2ccee6d4a33a893afdb620625732d6fe47c0cc
wice:test01144,test,WiCE-claim,151761fb0cb33f2a3411f2048e695d6dd8251bd478a207fb986dfab5db860711,7d2b890bee2d54aceb8c3452c5771efb0b9f057ea39f26c2c103716583e6a3db
wice:test01184,test,WiCE-claim,ac32f965240ba83250222f9a9973d03c83b7ed421cb4e11070de793205769059,23b55b88fbcd09d8e11ad9538d442ecd8dee3e19c1dab910abc472e2acd81c5a
wice:test00888,test,WiCE-claim,a9e2eac79f3f7c4226c7a53b1fac8e27bd1d425734acce37560424b792338b61,c1ff4d40fdf56d525666b4b2f15c8c118e5e1c90a86a7a65dd38197522f87b29
wice:test01958,test,WiCE-claim,d5903c1407a81ec2e154301637b926f98211715b074c248fcd800ec14527571f,578a2901080d9f8154a84621d0c36956bd05435af0f3a7fe4b0a94c65a4fa993
wice:test02535,test,WiCE-claim,400d72af755e67beeaab6a8466b1d9d7e6e20942c86f0da837dc79156faf36cf,ee433261869dfdf5a78e6d9b9964267c033ec70e52c200948d6d48939a320fca
wice:test01977,test,WiCE-claim,c0fab794ed2659c07d8e90173b2c3a0ce216faad85219a44a68ef3cbb532cc8e,cd48b58514c41abcffbd51cb49e64a37e24a38311265f9dd0623a792fc870c88
wice:test01115,test,WiCE-claim,f99ae4450a5761acfffe90251a6ea01781ba1e25c83bce3544be232611ea9896,a68f5feec937652858b8a1f03597ef04f5e662b7956655f368f62c1584c6c2d7
wice:test02119,test,WiCE-claim,ab6eaf0c71e90889c4d2cbc9eefdc85a69299ab89ff9d6b3d4f9cd69abe68cfa,78a15185e7a7db692b9e3073b1dcaccccb906b05185d78ca3a9edd74e8b2b42e
wice:test02715,test,WiCE-claim,0f162ea7dcb64ed6cfda2140bbc63609b01cd7ad31226e262db195262f925cdf,1fe46389830986b1ca48aad96611cc87bdbde19e10857494fed98626d718990f
wice:test03843,test,WiCE-claim,45d59db9dd72162fc01209947c59df30903e99b2904c994c412d9cb988e7eb79,c8d687e880c0bb389128b9f14f563eb3428cfc489a77a0b2a316a71328814394
wice:test03451,test,WiCE-claim,d67f5769bf8290e3fabe88a09e694e20485b9bffb12eb0f5c15db6ffe547651d,b327093191692fddfff5b700265cb81d9d385d8db267aa2bf3db7e92ba2a3a92
wice:test00301,test,WiCE-claim,209ec9464accdd1dae25898e00fafc3299434b5ebb81deace1f8a19c865e383f,2e85590ec563baf111ba206ce1128b588f3d08ffe7d77a30a9fd369f2ca284a7
wice:test03127,test,WiCE-claim,72b410d6f05fbae30524d35faaa0727af5d49f3652be894aa272ba18f313125c,88dbd8e247798ef90f14ba287d99859b738e1442e873a3b4232c89b5e0c0bb5b
wice:test03508,test,WiCE-claim,5a2cc9560434d263298f3e7569c6af516919c345b537bd9bea195d7b4a37478b,38e6287c923bbdab98a3c0c9b89f45188d5b231d1b965c77f1037538c8f3309e
wice:test04342,test,WiCE-claim,81339e3242e7b27661ecb4ebba16b4e33eddee9f81430aece9b76c3dadfe37c4,03ba7447674fb7e63b77a6966c94947c6f1cf7a210a195a794b68dcb5b84eb01
wice:test01464,test,WiCE-claim,c5ed476c968f763809fa732f6ee071692f2a22d3e73cbec05224939d220019aa,186bdd2a48e4c5d30896da29d85ab4bbae2c03094c618718b888f568f5518387
wice:test01932,test,WiCE-claim,5b358a3e0cb4665c2bf45262574110ea079092005c9ac95bfaa5b8c3d815488c,759353b8ad6ee215206ba52264b27d6ab8a1ad8d15c96aa512d679b607db2f53
wice:test01654,test,WiCE-claim,8271e6a062d7ab2e8ac5e8c9dacff2ac8c512744c36b8b295f9f7d5b86ab89f6,f8a84b7adbde4af94b21a5bea9a5de447913cb2ca2704116fecce0365138a0f0
wice:test02154,test,WiCE-claim,97af019a564d159847a634fb9d88254e281d3141962d6d89419a1e86264317ad,f8a690cb13d0c144fa89f9dd19da2904aa20b5693aa7a9eeb025d1980236ac2c
wice:test02217,test,WiCE-claim,44c6eddc963b32d0279c1303dfb55954211334ef5fde0a39854288a9d8856944,2caf235b3879b04923abf3b284339308a7dd2b1d94b2a5d9dbcb731c00fe14f7
wice:test01131,test,WiCE-claim,8d984cce3adef9e31d672c079bda803e97c0d54624850621216b28515086f320,4695c4d74209a70b78569184abfc465618b684cdccc34b2f6fc9c7c480a6439f
wice:test02785,test,WiCE-claim,ccc1e688439536c902b1c210049e198f489820c03139b86f1eca6f74906df670,e8049b5873d98fbbeaf0d114961297e9ab6c97eb2332a93e059a0dcb49d70e9c
wice:test02736,test,WiCE-claim,596741bb15e32c675a3d7f619d5ae694e2d95c19eff577545ba3137e924d576b,352ecf0268fa08cef7681f2198a8bee2ea5c246e16cef66a3fc65cd3a4dc82e0
wice:test00638,test,WiCE-claim,eb8aa18657d4607992c60d452fbee1a311f17bc62522fd60c8675d7914815b3c,e3768454c133d679f5b476c3f0756e621e6bdda3eaf69ab9ae6a62eecbfcb94f
wice:test02327,test,WiCE-claim,c7936c35797bbb625726bc266019b38cb038248fab1715a3d13be81d9cae338a,2aa068b7d25843f7330976b6c05fda72aeba92a2c87128bdcdda7a097a1bd3e1
wice:test02515,test,WiCE-claim,1cdb88a25f7b5e7672f345ed0d271d16962a204326115a732ad79c4ddc75cdef,fc2e10a3b5fab09842614c207707550d7a4b407b5d9e198f98b7674fb78e2a69
wice:test02557,test,WiCE-claim,d6b9397a5e69d36bec99ed8d743fbabeb761592b2b71cf8bdb53d87f97b717bc,232d1d68c6a5726dc210f9598ac9755e120bca159dcd4bcaf06456bbb9d68470
wice:test00521,test,WiCE-claim,4f1583c9ec5e68525992db05511a1f7ed632983bcb799b6944efc7362d997d28,57703ec68317f8150a3c922eccdf080a33ec2a762abceb18ac2d04041277c628
wice:test01785,test,WiCE-claim,519c6b611b0d7f73aaa7f00602dffe46d868a2c0d0e5a5bf2079b323fad9471d,6f86ee96b09cb8bc545f48a918f3f4582a5e16a587b9eef7c95349f04781698f
wice:test02762,test,WiCE-claim,ca398c22bc447e6695000fdeedfe0d974c115377492dd47684382949e557207f,ed0e1901f1f2614ded370841dc09f551210fe59e5674ec073dc8360a96df5dfc
wice:test00045,test,WiCE-claim,7a4bfb483ad1702651366b6ec78d4703472c9d80773b909e256293c0762d17d1,8cc7bc86982e4d3cfde09980f90a76fd76a074e93f8074972980c48e6ba36c72
wice:test02459,test,WiCE-claim,dce9164cf09cd0ecab670ba37f4e681a626780fb4d7635685880f2eb611788c2,d62b4181caf5135a224a4259ff5f6203b8d5b0ad2d6c627d2a1eff7f9ec65b4e
wice:test00256,test,WiCE-claim,256dbe753ff8ab7e5c2f32ff6dc3bb29ab0eefa0cba4c157bc8126a6ce21a6f8,fbec58188af599d903a7231c1996e8142612d13d0c8915a1bc3b79a91d642757
wice:test02954,test,WiCE-claim,9753208ca11628e15a151925cc3dbddae28cf8d6d4cb801d78d231ec5fd12238,8c62847eea85bb0a3e023e0359ca879f29cb3f02984d0fe69236ffed30651c11
wice:test00330,test,WiCE-claim,d41a88f3dc1edad970da244867bfec5415f8f5bb7b7cd15647ea8204d28ccfdf,0da5be3382c127383ccfc19710bdbf6ea55d3be2859d302fb4e074eeab943696
wice:test04454,test,WiCE-claim,e8cf20d65f82738592c88828f37d7f82e5971e272387ff43818d63de54449f08,960428012c2f95cbf9c302f237fa0644dc4358d7483ac89540fe3fb8109a09ec
wice:test00612,test,WiCE-claim,27addce986563c1e9815ce8d02aa682a8b21114afccd0ea55b9fca19a09a3651,c7f6f162ebf51b31f7613e3fdb19c61e11506dcc0b37cd43ecf8c5779b3bbda0
wice:test02950,test,WiCE-claim,e70a6c5e917329306ff42e09bc0c7f71758f43896474f61ab33b43c10cb5de64,574e8241b55a14020e1edc7d20a5eb9744ecb419e0d7695f88ebad1b8b069073
wice:test04264,test,WiCE-claim,7eed39d03dbe0d7fd97e32736557f19de1905620659db5864ac9e172f8fb198b,8b99afac6368b378bc0c0b29a0e65913d33b89e85b1c6c9e23112d7ffb69f460
wice:test02095,test,WiCE-claim,737770fcf898c75f5137fa710eb77ca16a4bf95d42804691a14d5b181d0340e7,993958d3d63feb533bd6a78d0cd1cf319a22caa08197aced31702de2b4d6e061
wice:test04519,test,WiCE-claim,1a4584877e3455bfdc725eaf31808dc8c30320d9acb906fd01c780daef7613ad,24d800626fe24cc0c837e7b27e88bbc97439dd40076e1117bbdd64e23c12c115
wice:test04475,test,WiCE-claim,10b36441b2a7e29c002af289601216eb92f12dc186fa78e4b4210d2eb2099c4a,3ba1fe279c7d5a524bdf177df77ea03da217cb685709ddb4b456840019a683a0
wice:test03717,test,WiCE-claim,6cabac58bb863f9c3b6f9510c6960d56f4f24b89a87136d0c281651b71c66a78,46f678c4f147aea801455eaa14e2752beb7d63a6846708bea5ef61fb3ca9360f
wice:test02178,test,WiCE-claim,173d75a680b2ac8d3000412a5e316657ec6211228cbad050e9a3100016111db9,63c92a143f8cb43367f4350a0acb264939ce6ac1aa7db366507f6debdf931cf6
wice:test02462,test,WiCE-claim,60ea0a4d513f67ad213acf39fd174a2a82e9c315fb624d7e5092c5b477b527c8,ef714cf20525928742856bfbc68449f1342e966d9bc13765b84b09af6d543814
wice:test02574,test,WiCE-claim,b5c90e84b1769e158d63c10bc8bb2fdcb4eac2b4f7f51abe73d378451f3e068f,9f6089345d5b392d8811a82d59c8525eaeaf5d14184d6f71bf63130e24679036
wice:test01084,test,WiCE-claim,57b181de3e882f4242a1d041b75b9c58014e359b81e183278e989b8d27cf1c46,d4ac4608ac1154eb3aba46ef6ce1f92ec3730585b59bee841b4387fe0d21ecc4
wice:test04469,test,WiCE-claim,8d2647972c22cfefedfcb35f2a48cf0288862d05259c616377540c670e4782bc,ba8f815965940c55b8297d8e51795ea2d22a910db3139ec0475d640558f5a815
wice:test03920,test,WiCE-claim,f68554e4d38592675a58a827ccf1c3e12439fc0244115f5a62044e857687c5db,603ad8f1779619d66dcd0f54d3028ebdd6710a17804732760bb1203845b5af45
wice:test04305,test,WiCE-claim,33781758f638651f181a0451a6aa26913f5c6c388b97caaaae73b7a250f2aedc,8b8a7c37b65e4f4b61047923c484e1d163037decbcfd3444fc5e553be50e9e6c
wice:test04024,test,WiCE-claim,592c1ab4adefdec53491de7836050fa84d3c63d059140f5c03566eb894b0be39,739b9155df47ef58b91e931ed5713dab0e9d2622415615bbfa2031148bfac025
wice:test04394,test,WiCE-claim,d21d8da3f56e05fb754bfba061973aa389a5e8c082782d1d8a4a5f9d7b978f4e,85d1f22d21dc6cf5e27bb3d721029fa9305963dcc7cee3db6c2bf745017d5fef
wice:test02845,test,WiCE-claim,a1774e6f6a30a8d8b770d3584dc5e8bae99b705d3b03a4384d1ec0d4a180927a,12c1e2b7ca916b39e24807780b15d2e4a2b535730f3d2d3bd95ceb99ecdce96e
wice:test00737,test,WiCE-claim,729772ae94e055735c24126015286486325e8610d45d96f5f83d37d9ed332c8d,2f336803ceff854431c093a33624c6c0d5ca6274ad5f07fb9fdc1b636155fd9c
wice:test01578,test,WiCE-claim,3f5423290ea3df235190162ef55577d337832fa6f6842635d5308dc6116d9141,1edbaf78302ec7fdf1785f21a2942b87db505890033a5505948bfc817aa6d8be
wice:test00780,test,WiCE-claim,2def7a3bb64033b9631da2dda51c4a31a541e205e5fb2711725620bf3e1e9c1e,7645bd91faef4f138097ff0401432a58502c8f41709759b818097abee187f413
wice:test01032,test,WiCE-claim,f3e0668ab576d1532ae25c36941a55e35539e45ffb1ae9c16516c4a5acb5bec5,52c0d7b6c185ef6a66dc8881923b874ea598a8864f543792b24db5e0a145f8ff
wice:test03525,test,WiCE-claim,517d6b1e68e341e312f43a904956354dfebb54793539749654e928b98a4385e8,81d358373f3a8a5d95611379b2219cbb795dc6bec7e1f910531cdb6dff708d63
wice:test03362,test,WiCE-claim,9e59fad3e7468f99732ddeb3d9fbb1f75a4d5f640aca25bd115585a82a01f542,ad37d6ffa255c164b4653704a8c969ccc034d8ee701bbaa160ad5e77542c86a7
wice:test02326,test,WiCE-claim,f99ae4450a5761acfffe90251a6ea01781ba1e25c83bce3544be232611ea9896,1a2c34fdbbe6820d70c7d963785de8ec517ceee8dc17f404de4a900764a5d680
